fullName,symbol,numOfTransactions,open,high,low,closingPrice,date
"NEPAL FINANCE & SAVING CO. LTD","NFS",296,690,701,687,695.98,"2025-04-17"
"NEPAL FINANCE & SAVING CO. LTD","NFS",222,704,704,685,685.74,"2025-04-16"
"NEPAL FINANCE & SAVING CO. LTD","NFS",163,690,702,690,692.49,"2025-04-15"
"NEPAL FINANCE & SAVING CO. LTD","NFS",184,688,699.5,680.4,683.04,"2025-04-13"
"NEPAL FINANCE & SAVING CO. LTD","NFS",224,705,705,685,687.75,"2025-04-10"
"NEPAL FINANCE & SAVING CO. LTD","NFS",183,698,707,690,691.4,"2025-04-09"
"NEPAL FINANCE & SAVING CO. LTD","NFS",189,690,697.8,680.3,693.64,"2025-04-08"
"NEPAL FINANCE & SAVING CO. LTD","NFS",336,712,714.8,689,690.2,"2025-04-07"
"NEPAL FINANCE & SAVING CO. LTD","NFS",243,723,730,705.1,708.24,"2025-04-03"
"NEPAL FINANCE & SAVING CO. LTD","NFS",518,699,739,692,722.96,"2025-04-02"
"NEPAL FINANCE & SAVING CO. LTD","NFS",257,712,718.9,695,699.56,"2025-04-01"
"NEPAL FINANCE & SAVING CO. LTD","NFS",477,690,719.9,685,710.21,"2025-03-30"
"NEPAL FINANCE & SAVING CO. LTD","NFS",229,698,698,687.1,690.65,"2025-03-27"
"NEPAL FINANCE & SAVING CO. LTD","NFS",213,691.9,699.9,680,685.88,"2025-03-26"
"NEPAL FINANCE & SAVING CO. LTD","NFS",418,704,707,677,679.26,"2025-03-25"
"NEPAL FINANCE & SAVING CO. LTD","NFS",527,684,706,665,703.95,"2025-03-24"
"NEPAL FINANCE & SAVING CO. LTD","NFS",628,710,715,675,680.47,"2025-03-23"
"NEPAL FINANCE & SAVING CO. LTD","NFS",467,728.9,728.9,701,703.26,"2025-03-20"
"NEPAL FINANCE & SAVING CO. LTD","NFS",304,717,731.3,710,717,"2025-03-19"
"NEPAL FINANCE & SAVING CO. LTD","NFS",238,738,738,720,723,"2025-03-18"
"NEPAL FINANCE & SAVING CO. LTD","NFS",260,725,742,720.3,724,"2025-03-17"
"NEPAL FINANCE & SAVING CO. LTD","NFS",347,735,745,720.2,724.5,"2025-03-16"
"NEPAL FINANCE & SAVING CO. LTD","NFS",335,735.3,744.5,730,734.9,"2025-03-12"
"NEPAL FINANCE & SAVING CO. LTD","NFS",503,745,760,726,734,"2025-03-11"
"NEPAL FINANCE & SAVING CO. LTD","NFS",528,775,775,744.9,744.9,"2025-03-10"
"NEPAL FINANCE & SAVING CO. LTD","NFS",532,782,789.8,760,761,"2025-03-09"
"NEPAL FINANCE & SAVING CO. LTD","NFS",455,786,796,779,781,"2025-03-06"
"NEPAL FINANCE & SAVING CO. LTD","NFS",415,805,805,783,785.2,"2025-03-05"
"NEPAL FINANCE & SAVING CO. LTD","NFS",535,823.3,829.9,795,797.2,"2025-03-04"
"NEPAL FINANCE & SAVING CO. LTD","NFS",847,830,859.6,816,816,"2025-03-03"
"NEPAL FINANCE & SAVING CO. LTD","NFS",703,795.6,820,793,816,"2025-03-02"
"NEPAL FINANCE & SAVING CO. LTD","NFS",419,795.7,805,777,780,"2025-02-27"
"NEPAL FINANCE & SAVING CO. LTD","NFS",474,800,803,775,780.1,"2025-02-25"
"NEPAL FINANCE & SAVING CO. LTD","NFS",486,810,816,786,789,"2025-02-24"
"NEPAL FINANCE & SAVING CO. LTD","NFS",617,790.9,823,777,795.3,"2025-02-23"
"NEPAL FINANCE & SAVING CO. LTD","NFS",797,800,830,787.8,807,"2025-02-20"
"NEPAL FINANCE & SAVING CO. LTD","NFS",1167,854,854.6,790.2,803.8,"2025-02-18"
"NEPAL FINANCE & SAVING CO. LTD","NFS",1948,825,857.7,825,838,"2025-02-17"
"NEPAL FINANCE & SAVING CO. LTD","NFS",1863,749,809.8,749,809.8,"2025-02-16"
"NEPAL FINANCE & SAVING CO. LTD","NFS",672,746.6,753.7,718,736.2,"2025-02-13"
"NEPAL FINANCE & SAVING CO. LTD","NFS",449,732,744,711,732,"2025-02-12"
"NEPAL FINANCE & SAVING CO. LTD","NFS",464,722.3,749.7,715,717.9,"2025-02-11"
"NEPAL FINANCE & SAVING CO. LTD","NFS",430,751,751,725.2,730,"2025-02-10"
"NEPAL FINANCE & SAVING CO. LTD","NFS",683,751,757.3,735,737,"2025-02-09"
"NEPAL FINANCE & SAVING CO. LTD","NFS",1285,735,775,729,751,"2025-02-06"
"NEPAL FINANCE & SAVING CO. LTD","NFS",878,710,737,696,721,"2025-02-05"
"NEPAL FINANCE & SAVING CO. LTD","NFS",432,725,729,700,703,"2025-02-04"
"NEPAL FINANCE & SAVING CO. LTD","NFS",832,700,731.3,700,720,"2025-02-03"
"NEPAL FINANCE & SAVING CO. LTD","NFS",959,720,723,700,710,"2025-02-02"
"NEPAL FINANCE & SAVING CO. LTD","NFS",951,715,742.5,703,715,"2025-01-28"
"NEPAL FINANCE & SAVING CO. LTD","NFS",1777,668.4,743,655,729,"2025-01-27"
"NEPAL FINANCE & SAVING CO. LTD","NFS",2046,743,750,670.4,682,"2025-01-26"
"NEPAL FINANCE & SAVING CO. LTD","NFS",979,766,790,742,743,"2025-01-23"
"NEPAL FINANCE & SAVING CO. LTD","NFS",793,770.1,785,755.4,781,"2025-01-22"
"NEPAL FINANCE & SAVING CO. LTD","NFS",1264,745,794,741,755,"2025-01-21"
"NEPAL FINANCE & SAVING CO. LTD","NFS",1701,805,805,740,740,"2025-01-20"
"NEPAL FINANCE & SAVING CO. LTD","NFS",1181,787,824.9,771.3,797,"2025-01-19"
"NEPAL FINANCE & SAVING CO. LTD","NFS",2061,868,868,800.1,803,"2025-01-16"
"NEPAL FINANCE & SAVING CO. LTD","NFS",2225,918,918,850,851,"2025-01-15"
"NEPAL FINANCE & SAVING CO. LTD","NFS",1353,957,967,915,917,"2025-01-13"
"NEPAL FINANCE & SAVING CO. LTD","NFS",738,980,994,950.6,957,"2025-01-12"
"NEPAL FINANCE & SAVING CO. LTD","NFS",1105,1001.1,1009.9,975,978,"2025-01-09"
"NEPAL FINANCE & SAVING CO. LTD","NFS",1332,984,1051,984,1001.1,"2025-01-08"
"NEPAL FINANCE & SAVING CO. LTD","NFS",456,1008,1008,981,985,"2025-01-07"
"NEPAL FINANCE & SAVING CO. LTD","NFS",530,989,1018,980,994,"2025-01-06"
"NEPAL FINANCE & SAVING CO. LTD","NFS",1253,1047,1065,988,990,"2025-01-05"
"NEPAL FINANCE & SAVING CO. LTD","NFS",773,1053.5,1117.3,1000,1048,"2025-01-02"
"NEPAL FINANCE & SAVING CO. LTD","NFS",1019,970,1050,938.1,1032.9,"2025-01-01"
"NEPAL FINANCE & SAVING CO. LTD","NFS",2543,1002,1002,902,974.9,"2024-12-31"
"NEPAL FINANCE & SAVING CO. LTD","NFS",1149,1024.1,1040,998,1002,"2024-12-29"
"NEPAL FINANCE & SAVING CO. LTD","NFS",907,1053.5,1060,1017,1044.9,"2024-12-26"
"NEPAL FINANCE & SAVING CO. LTD","NFS",842,1050,1080,1049,1074.9,"2024-12-24"
"NEPAL FINANCE & SAVING CO. LTD","NFS",762,1042,1062,1025,1040,"2024-12-23"
"NEPAL FINANCE & SAVING CO. LTD","NFS",956,1098,1100,1032,1055,"2024-12-22"
"NEPAL FINANCE & SAVING CO. LTD","NFS",1238,1116.2,1136.2,1070,1098.8,"2024-12-19"
"NEPAL FINANCE & SAVING CO. LTD","NFS",1369,1080,1130,1045,1116.2,"2024-12-18"
"NEPAL FINANCE & SAVING CO. LTD","NFS",1596,1006,1076.8,979.1,1067.8,"2024-12-17"
"NEPAL FINANCE & SAVING CO. LTD","NFS",1955,1087,1087,1000,1006,"2024-12-16"
"NEPAL FINANCE & SAVING CO. LTD","NFS",1065,1125,1137.9,1085,1087,"2024-12-12"
"NEPAL FINANCE & SAVING CO. LTD","NFS",806,1125,1145.9,1115,1125,"2024-12-11"
"NEPAL FINANCE & SAVING CO. LTD","NFS",754,1149,1150,1120,1125,"2024-12-10"
"NEPAL FINANCE & SAVING CO. LTD","NFS",751,1171.5,1171.5,1135,1150,"2024-12-09"
"NEPAL FINANCE & SAVING CO. LTD","NFS",1806,1132,1195.4,1110,1195.4,"2024-12-08"
"NEPAL FINANCE & SAVING CO. LTD","NFS",3905,1244,1254.5,1132,1155,"2024-12-05"
"NEPAL FINANCE & SAVING CO. LTD","NFS",1310,1274,1300.5,1234.8,1244,"2024-12-04"
"NEPAL FINANCE & SAVING CO. LTD","NFS",1061,1219.2,1332,1219.2,1299.9,"2024-12-03"
"NEPAL FINANCE & SAVING CO. LTD","NFS",3660,1335.6,1499,1244,1244,"2024-12-02"
"NEPAL FINANCE & SAVING CO. LTD","NFS",1919,1470,1470,1350,1362.8,"2024-12-01"
"NEPAL FINANCE & SAVING CO. LTD","NFS",1440,1416.1,1500,1357.4,1500,"2024-11-28"
"NEPAL FINANCE & SAVING CO. LTD","NFS",1633,1519,1519,1395,1445,"2024-11-27"
"NEPAL FINANCE & SAVING CO. LTD","NFS",1799,1428.9,1581,1397.5,1550,"2024-11-26"
"NEPAL FINANCE & SAVING CO. LTD","NFS",1016,1428,1460,1378.7,1458,"2024-11-25"
"NEPAL FINANCE & SAVING CO. LTD","NFS",580,1449.5,1450,1391.6,1400,"2024-11-24"
"NEPAL FINANCE & SAVING CO. LTD","NFS",1177,1454.3,1605,1401.6,1479,"2024-11-21"
"NEPAL FINANCE & SAVING CO. LTD","NFS",1054,1438.7,1518.9,1411.2,1483.9,"2024-11-20"
"NEPAL FINANCE & SAVING CO. LTD","NFS",887,1489,1489,1401.5,1468,"2024-11-19"
"NEPAL FINANCE & SAVING CO. LTD","NFS",1287,1397,1477,1397,1459.9,"2024-11-17"
"NEPAL FINANCE & SAVING CO. LTD","NFS",1244,1390,1470.5,1372.1,1425.1,"2024-11-14"
"NEPAL FINANCE & SAVING CO. LTD","NFS",868,1310,1409,1310,1391.8,"2024-11-13"
"NEPAL FINANCE & SAVING CO. LTD","NFS",599,1379,1379,1328.1,1333,"2024-11-12"
"NEPAL FINANCE & SAVING CO. LTD","NFS",930,1375,1400,1345,1352,"2024-11-11"
"NEPAL FINANCE & SAVING CO. LTD","NFS",920,1393.5,1407,1345.1,1386.1,"2024-11-10"
"NEPAL FINANCE & SAVING CO. LTD","NFS",2021,1519,1519,1395,1421.9,"2024-11-06"
"NEPAL FINANCE & SAVING CO. LTD","NFS",1177,1470,1559.8,1357.3,1550,"2024-11-05"
"NEPAL FINANCE & SAVING CO. LTD","NFS",880,1400,1500,1352.4,1500,"2024-10-30"
"NEPAL FINANCE & SAVING CO. LTD","NFS",439,1405,1425,1385,1400,"2024-10-29"
"NEPAL FINANCE & SAVING CO. LTD","NFS",1527,1378.9,1518.9,1353,1400,"2024-10-28"
"NEPAL FINANCE & SAVING CO. LTD","NFS",1093,1292.6,1407,1266.8,1407,"2024-10-27"
"NEPAL FINANCE & SAVING CO. LTD","NFS",961,1340,1340,1301.5,1318.9,"2024-10-24"
"NEPAL FINANCE & SAVING CO. LTD","NFS",803,1365.2,1402.9,1313.2,1350,"2024-10-23"
"NEPAL FINANCE & SAVING CO. LTD","NFS",543,1335,1393,1335,1393,"2024-10-22"
"NEPAL FINANCE & SAVING CO. LTD","NFS",1053,1356.3,1466.9,1334,1350,"2024-10-21"
"NEPAL FINANCE & SAVING CO. LTD","NFS",1357,1417.1,1417.1,1355.4,1383.9,"2024-10-20"
"NEPAL FINANCE & SAVING CO. LTD","NFS",946,1416.6,1502.2,1388.3,1446,"2024-10-17"
"NEPAL FINANCE & SAVING CO. LTD","NFS",875,1435,1469.8,1420,1445.5,"2024-10-16"
"NEPAL FINANCE & SAVING CO. LTD","NFS",725,1363,1457,1363,1450,"2024-10-15"
"NEPAL FINANCE & SAVING CO. LTD","NFS",1274,1398.5,1569.7,1342.6,1390,"2024-10-09"
"NEPAL FINANCE & SAVING CO. LTD","NFS",1620,1504.6,1533,1380.6,1427,"2024-10-08"
"NEPAL FINANCE & SAVING CO. LTD","NFS",1708,1524.6,1559,1451,1534,"2024-10-07"
"NEPAL FINANCE & SAVING CO. LTD","NFS",1272,1415.6,1499,1341,1494.8,"2024-10-06"
"NEPAL FINANCE & SAVING CO. LTD","NFS",1668,1341.1,1425,1341.1,1387.9,"2024-10-02"
"NEPAL FINANCE & SAVING CO. LTD","NFS",1841,1195.5,1341.7,1172,1341.7,"2024-10-01"
"NEPAL FINANCE & SAVING CO. LTD","NFS",1076,1168,1223,1125.2,1219.8,"2024-09-30"
"NEPAL FINANCE & SAVING CO. LTD","NFS",846,1233.8,1233.8,1168,1168,"2024-09-29"
"NEPAL FINANCE & SAVING CO. LTD","NFS",938,1274,1351.3,1220,1258.9,"2024-09-26"
"NEPAL FINANCE & SAVING CO. LTD","NFS",878,1270,1321.3,1222,1300,"2024-09-25"
"NEPAL FINANCE & SAVING CO. LTD","NFS",953,1391.6,1391.6,1278,1295.9,"2024-09-24"
"NEPAL FINANCE & SAVING CO. LTD","NFS",1792,1324,1432.9,1215.9,1420,"2024-09-23"
"NEPAL FINANCE & SAVING CO. LTD","NFS",941,1365.9,1393,1319,1351,"2024-09-22"
"NEPAL FINANCE & SAVING CO. LTD","NFS",1789,1333,1390,1260,1365.9,"2024-09-18"
"NEPAL FINANCE & SAVING CO. LTD","NFS",1968,1485,1498,1336.5,1360,"2024-09-16"
"NEPAL FINANCE & SAVING CO. LTD","NFS",1183,1578.9,1598.9,1480,1485,"2024-09-15"
"NEPAL FINANCE & SAVING CO. LTD","NFS",945,1518.1,1583,1518.1,1578.9,"2024-09-12"
"NEPAL FINANCE & SAVING CO. LTD","NFS",724,1558,1575,1519.1,1549,"2024-09-11"
"NEPAL FINANCE & SAVING CO. LTD","NFS",902,1543.5,1605,1520,1558,"2024-09-10"
"NEPAL FINANCE & SAVING CO. LTD","NFS",882,1582,1610,1500,1575,"2024-09-09"
"NEPAL FINANCE & SAVING CO. LTD","NFS",1311,1533,1625,1533,1582,"2024-09-08"
"NEPAL FINANCE & SAVING CO. LTD","NFS",2206,1650,1785.9,1503,1503,"2024-09-05"
"NEPAL FINANCE & SAVING CO. LTD","NFS",1692,1688,1826.3,1595,1650,"2024-09-04"
"NEPAL FINANCE & SAVING CO. LTD","NFS",1331,1758.2,1788,1614.6,1688,"2024-09-03"
"NEPAL FINANCE & SAVING CO. LTD","NFS",1323,1684.7,1807,1635,1794,"2024-09-02"
"NEPAL FINANCE & SAVING CO. LTD","NFS",1554,1862,1862,1719,1719,"2024-09-01"
"NEPAL FINANCE & SAVING CO. LTD","NFS",1540,1793.4,1930,1696.4,1900,"2024-08-29"
"NEPAL FINANCE & SAVING CO. LTD","NFS",1831,1790.5,1900,1719.9,1830,"2024-08-28"
"NEPAL FINANCE & SAVING CO. LTD","NFS",1856,1989.4,2111,1827,1827,"2024-08-27"
"NEPAL FINANCE & SAVING CO. LTD","NFS",1422,1897.3,2094.3,1756.2,2030,"2024-08-25"
"NEPAL FINANCE & SAVING CO. LTD","NFS",1245,1930.6,2035.3,1800,1936,"2024-08-22"
"NEPAL FINANCE & SAVING CO. LTD","NFS",1916,1825.8,2002,1690,1970,"2024-08-21"
"NEPAL FINANCE & SAVING CO. LTD","NFS",1589,2111.4,2111.4,1863,1863,"2024-08-18"
"NEPAL FINANCE & SAVING CO. LTD","NFS",1540,2254,2254,2070,2070,"2024-08-15"
"NEPAL FINANCE & SAVING CO. LTD","NFS",2573,2134.5,2348,2009.1,2300,"2024-08-14"
"NEPAL FINANCE & SAVING CO. LTD","NFS",2979,2369.7,2614.9,2176.2,2178,"2024-08-13"
"NEPAL FINANCE & SAVING CO. LTD","NFS",3182,2197.1,2466,2017.8,2418,"2024-08-12"
"NEPAL FINANCE & SAVING CO. LTD","NFS",1795,2008.1,2241.9,1844.1,2241.9,"2024-08-11"
"NEPAL FINANCE & SAVING CO. LTD","NFS",1562,1862,2090,1754.2,2049,"2024-08-08"
"NEPAL FINANCE & SAVING CO. LTD","NFS",3218,1710,1919.2,1570.4,1900,"2024-08-07"
"NEPAL FINANCE & SAVING CO. LTD","NFS",95,1899.9,1899.9,1744.8,1744.8,"2024-08-06"
"NEPAL FINANCE & SAVING CO. LTD","NFS",467,2111,2111,1938.6,1938.6,"2024-08-05"
"NEPAL FINANCE & SAVING CO. LTD","NFS",1896,1919.8,2154.7,1822.8,2154,"2024-08-01"
"NEPAL FINANCE & SAVING CO. LTD","NFS",1653,1755.9,1970.8,1687,1958.9,"2024-07-31"
"NEPAL FINANCE & SAVING CO. LTD","NFS",1319,1596.5,1791.9,1564.6,1791.7,"2024-07-30"
"NEPAL FINANCE & SAVING CO. LTD","NFS",1834,1513.6,1632.4,1470,1629,"2024-07-29"
"NEPAL FINANCE & SAVING CO. LTD","NFS",963,1361.3,1527.9,1335,1484,"2024-07-28"
"NEPAL FINANCE & SAVING CO. LTD","NFS",1032,1295.4,1397,1270.1,1389,"2024-07-25"
"NEPAL FINANCE & SAVING CO. LTD","NFS",1009,1233.1,1309.9,1219.5,1270,"2024-07-24"
"NEPAL FINANCE & SAVING CO. LTD","NFS",643,1156.4,1248.9,1130,1209,"2024-07-23"
"NEPAL FINANCE & SAVING CO. LTD","NFS",1057,1106,1189,1064,1180,"2024-07-22"
"NEPAL FINANCE & SAVING CO. LTD","NFS",1108,1017.7,1097,1017.7,1084.9,"2024-07-21"
"NEPAL FINANCE & SAVING CO. LTD","NFS",991,889,997.8,889,997.8,"2024-07-18"
"NEPAL FINANCE & SAVING CO. LTD","NFS",616,914.9,930,891.1,907.1,"2024-07-17"
"NEPAL FINANCE & SAVING CO. LTD","NFS",491,911.8,911.8,893,897,"2024-07-16"
"NEPAL FINANCE & SAVING CO. LTD","NFS",663,901.6,918,885,894,"2024-07-15"
"NEPAL FINANCE & SAVING CO. LTD","NFS",814,852.9,886,840.1,884,"2024-07-14"
"NEPAL FINANCE & SAVING CO. LTD","NFS",537,807.5,848,807.5,836.2,"2024-07-11"
"NEPAL FINANCE & SAVING CO. LTD","NFS",456,831.3,831.3,800.1,820,"2024-07-10"
"NEPAL FINANCE & SAVING CO. LTD","NFS",1029,832.1,861,799,815,"2024-07-09"
"NEPAL FINANCE & SAVING CO. LTD","NFS",395,839.9,868,839.9,849,"2024-07-08"
"NEPAL FINANCE & SAVING CO. LTD","NFS",441,865.4,883.9,833,857,"2024-07-07"
"NEPAL FINANCE & SAVING CO. LTD","NFS",760,881.9,900.6,830.2,883,"2024-07-04"
"NEPAL FINANCE & SAVING CO. LTD","NFS",510,898.7,904.5,863.2,899.8,"2024-07-03"
"NEPAL FINANCE & SAVING CO. LTD","NFS",496,890.4,907.8,838,881.1,"2024-07-02"
"NEPAL FINANCE & SAVING CO. LTD","NFS",1063,950.6,950.6,873,873,"2024-07-01"
"NEPAL FINANCE & SAVING CO. LTD","NFS",781,948.2,985,877.5,970,"2024-06-30"
"NEPAL FINANCE & SAVING CO. LTD","NFS",1202,1012.4,1099,929.7,929.7,"2024-06-27"
"NEPAL FINANCE & SAVING CO. LTD","NFS",1176,921.4,1034.2,881,1033,"2024-06-26"
"NEPAL FINANCE & SAVING CO. LTD","NFS",791,938.4,990,938.4,940.2,"2024-06-25"
"NEPAL FINANCE & SAVING CO. LTD","NFS",580,853.1,920,848,920,"2024-06-24"
"NEPAL FINANCE & SAVING CO. LTD","NFS",768,775.6,836.4,766,836.4,"2024-06-23"
"NEPAL FINANCE & SAVING CO. LTD","NFS",641,738.6,779.9,715,760.4,"2024-06-20"
"NEPAL FINANCE & SAVING CO. LTD","NFS",1039,671.5,724.2,657,724.2,"2024-06-19"
"NEPAL FINANCE & SAVING CO. LTD","NFS",567,665,678,657,658.4,"2024-06-18"
"NEPAL FINANCE & SAVING CO. LTD","NFS",899,609,661.1,596,661.1,"2024-06-16"
"NEPAL FINANCE & SAVING CO. LTD","NFS",441,609.8,619.9,597.7,601,"2024-06-13"
"NEPAL FINANCE & SAVING CO. LTD","NFS",340,609.9,609.9,590.1,597.9,"2024-06-12"
"NEPAL FINANCE & SAVING CO. LTD","NFS",345,596,606,590,598,"2024-06-11"
"NEPAL FINANCE & SAVING CO. LTD","NFS",284,593.6,604,579.1,585.1,"2024-06-10"
"NEPAL FINANCE & SAVING CO. LTD","NFS",465,583.2,599.7,578,582,"2024-06-09"
"NEPAL FINANCE & SAVING CO. LTD","NFS",605,600,610,583.2,583.2,"2024-06-06"
"NEPAL FINANCE & SAVING CO. LTD","NFS",570,600.2,619.8,600.2,601.1,"2024-06-05"
"NEPAL FINANCE & SAVING CO. LTD","NFS",940,594,630,579.2,607.7,"2024-06-04"
"NEPAL FINANCE & SAVING CO. LTD","NFS",799,588,624.2,583,583,"2024-06-03"
"NEPAL FINANCE & SAVING CO. LTD","NFS",1477,567.7,612.2,552,600,"2024-06-02"
"NEPAL FINANCE & SAVING CO. LTD","NFS",1325,510,556.6,506.1,556.6,"2024-05-30"
"NEPAL FINANCE & SAVING CO. LTD","NFS",303,512.4,519,505.2,506,"2024-05-29"
"NEPAL FINANCE & SAVING CO. LTD","NFS",261,501,518,501,512.4,"2024-05-27"
"NEPAL FINANCE & SAVING CO. LTD","NFS",233,508.1,519,506,508,"2024-05-26"
"NEPAL FINANCE & SAVING CO. LTD","NFS",562,539,539.9,511,513,"2024-05-22"
"NEPAL FINANCE & SAVING CO. LTD","NFS",495,487.1,535,487.1,530,"2024-05-21"
"NEPAL FINANCE & SAVING CO. LTD","NFS",726,501.2,511,492,493.3,"2024-05-20"
"NEPAL FINANCE & SAVING CO. LTD","NFS",655,515,535,505.2,511,"2024-05-19"
"NEPAL FINANCE & SAVING CO. LTD","NFS",563,531,550,519.5,519.5,"2024-05-16"
"NEPAL FINANCE & SAVING CO. LTD","NFS",859,531,552.3,531,541.8,"2024-05-15"
"NEPAL FINANCE & SAVING CO. LTD","NFS",382,522,542,522,535,"2024-05-14"
"NEPAL FINANCE & SAVING CO. LTD","NFS",324,527,542,527,532.6,"2024-05-13"
"NEPAL FINANCE & SAVING CO. LTD","NFS",554,558.9,560,531,532,"2024-05-12"
"NEPAL FINANCE & SAVING CO. LTD","NFS",1169,534,560,534,548,"2024-05-09"
"NEPAL FINANCE & SAVING CO. LTD","NFS",545,507.9,550,492,533,"2024-05-08"
"NEPAL FINANCE & SAVING CO. LTD","NFS",452,510,528,495,500,"2024-05-07"
"NEPAL FINANCE & SAVING CO. LTD","NFS",1036,563,563,500,520,"2024-05-06"
"NEPAL FINANCE & SAVING CO. LTD","NFS",919,572.7,595,550.3,552,"2024-05-05"
"NEPAL FINANCE & SAVING CO. LTD","NFS",839,564,582,552,561.5,"2024-05-02"
"NEPAL FINANCE & SAVING CO. LTD","NFS",1277,549.4,590,544.1,563.9,"2024-04-30"
"NEPAL FINANCE & SAVING CO. LTD","NFS",1273,490,538.7,475,538.7,"2024-04-29"
"NEPAL FINANCE & SAVING CO. LTD","NFS",847,466.1,490.5,460,489.8,"2024-04-28"
"NEPAL FINANCE & SAVING CO. LTD","NFS",632,460,477.8,458.3,463,"2024-04-25"
"NEPAL FINANCE & SAVING CO. LTD","NFS",629,439,470,433.1,456.9,"2024-04-24"
"NEPAL FINANCE & SAVING CO. LTD","NFS",277,440,449.8,430,432,"2024-04-22"
"NEPAL FINANCE & SAVING CO. LTD","NFS",416,441,450,426,445,"2024-04-21"
"NEPAL FINANCE & SAVING CO. LTD","NFS",500,435,458,427.1,441,"2024-04-18"
"NEPAL FINANCE & SAVING CO. LTD","NFS",397,450,461,441,444,"2024-04-16"
"NEPAL FINANCE & SAVING CO. LTD","NFS",611,461,475,451,453.7,"2024-04-15"
"NEPAL FINANCE & SAVING CO. LTD","NFS",603,448.9,468,437.1,452,"2024-04-14"
"NEPAL FINANCE & SAVING CO. LTD","NFS",1350,475,481,439.1,448.9,"2024-04-10"
"NEPAL FINANCE & SAVING CO. LTD","NFS",1536,431.9,465.8,431.9,465.8,"2024-04-09"
"NEPAL FINANCE & SAVING CO. LTD","NFS",941,392.7,423.5,385,423.5,"2024-04-07"
"NEPAL FINANCE & SAVING CO. LTD","NFS",533,375,397,366.4,385,"2024-04-04"
"NEPAL FINANCE & SAVING CO. LTD","NFS",142,377,377,367,371,"2024-04-03"
"NEPAL FINANCE & SAVING CO. LTD","NFS",182,379.9,380,370,370,"2024-04-02"
"NEPAL FINANCE & SAVING CO. LTD","NFS",205,382,385,375,375,"2024-04-01"
"NEPAL FINANCE & SAVING CO. LTD","NFS",215,385,391.9,381,383,"2024-03-31"
"NEPAL FINANCE & SAVING CO. LTD","NFS",259,377.3,390,375,384.9,"2024-03-28"
"NEPAL FINANCE & SAVING CO. LTD","NFS",385,382.4,397,379,380.7,"2024-03-27"
"NEPAL FINANCE & SAVING CO. LTD","NFS",282,385,397.8,385,390.2,"2024-03-26"
"NEPAL FINANCE & SAVING CO. LTD","NFS",362,397,400,387,390,"2024-03-25"
"NEPAL FINANCE & SAVING CO. LTD","NFS",884,385,408,380,398,"2024-03-21"
"NEPAL FINANCE & SAVING CO. LTD","NFS",451,395,400,380.1,381,"2024-03-20"
"NEPAL FINANCE & SAVING CO. LTD","NFS",1293,382.5,404.9,380,395,"2024-03-19"
"NEPAL FINANCE & SAVING CO. LTD","NFS",280,370.1,379.9,370,375,"2024-03-18"
"NEPAL FINANCE & SAVING CO. LTD","NFS",288,384.5,384.5,369,373,"2024-03-17"
"NEPAL FINANCE & SAVING CO. LTD","NFS",524,386.5,390.9,376,377,"2024-03-14"
"NEPAL FINANCE & SAVING CO. LTD","NFS",568,372,387,364.2,379,"2024-03-13"
"NEPAL FINANCE & SAVING CO. LTD","NFS",243,367.1,370,360,369,"2024-03-12"
"NEPAL FINANCE & SAVING CO. LTD","NFS",250,357.1,369.2,357.1,362.5,"2024-03-10"
"NEPAL FINANCE & SAVING CO. LTD","NFS",239,356.7,363,351,357,"2024-03-07"
"NEPAL FINANCE & SAVING CO. LTD","NFS",359,345,356.9,337.2,349.9,"2024-03-06"
"NEPAL FINANCE & SAVING CO. LTD","NFS",276,363.5,363.5,338,343,"2024-03-05"
"NEPAL FINANCE & SAVING CO. LTD","NFS",20,342.7,363.5,342.7,356.4,"2024-03-04"
"NEPAL FINANCE & SAVING CO. LTD","NFS",222,332.5,344,331,336,"2024-03-03"
"NEPAL FINANCE & SAVING CO. LTD","NFS",335,358.7,358.7,336.1,337,"2024-02-29"
"NEPAL FINANCE & SAVING CO. LTD","NFS",201,357.9,362,347.5,353,"2024-02-28"
"NEPAL FINANCE & SAVING CO. LTD","NFS",139,366,366,354,357.9,"2024-02-27"
"NEPAL FINANCE & SAVING CO. LTD","NFS",237,365,374.9,354.8,360,"2024-02-26"
"NEPAL FINANCE & SAVING CO. LTD","NFS",772,361,375,351,365.4,"2024-02-25"
"NEPAL FINANCE & SAVING CO. LTD","NFS",583,353.5,369.9,348,354,"2024-02-22"
"NEPAL FINANCE & SAVING CO. LTD","NFS",202,359,359,348,348,"2024-02-21"
"NEPAL FINANCE & SAVING CO. LTD","NFS",437,345,365,343.6,352,"2024-02-20"
"NEPAL FINANCE & SAVING CO. LTD","NFS",434,363.1,363.1,340.2,345,"2024-02-18"
"NEPAL FINANCE & SAVING CO. LTD","NFS",817,372,376,350.9,356,"2024-02-15"
"NEPAL FINANCE & SAVING CO. LTD","NFS",1270,335,365.2,334,365.2,"2024-02-14"
"NEPAL FINANCE & SAVING CO. LTD","NFS",250,335,341,330,332,"2024-02-13"
"NEPAL FINANCE & SAVING CO. LTD","NFS",121,328.1,341.9,328.1,340,"2024-02-12"
"NEPAL FINANCE & SAVING CO. LTD","NFS",154,339,345,334.6,334.7,"2024-02-11"
"NEPAL FINANCE & SAVING CO. LTD","NFS",124,337,339.1,334,335,"2024-02-08"
"NEPAL FINANCE & SAVING CO. LTD","NFS",148,343,343,335.3,340,"2024-02-07"
"NEPAL FINANCE & SAVING CO. LTD","NFS",81,338.1,342.9,337.4,338.1,"2024-02-06"
"NEPAL FINANCE & SAVING CO. LTD","NFS",201,337.9,348.9,337.9,339,"2024-02-05"
"NEPAL FINANCE & SAVING CO. LTD","NFS",338,333,348.9,333,342.9,"2024-02-04"
"NEPAL FINANCE & SAVING CO. LTD","NFS",657,329,346,329,338,"2024-02-01"
"NEPAL FINANCE & SAVING CO. LTD","NFS",327,322,353,322,329,"2024-01-31"
"NEPAL FINANCE & SAVING CO. LTD","NFS",107,329.9,332,321,327.4,"2024-01-30"
"NEPAL FINANCE & SAVING CO. LTD","NFS",108,329,335.5,323,325,"2024-01-29"
"NEPAL FINANCE & SAVING CO. LTD","NFS",84,326.4,329,319.6,326,"2024-01-28"
"NEPAL FINANCE & SAVING CO. LTD","NFS",127,316.2,325,316.2,320,"2024-01-25"
"NEPAL FINANCE & SAVING CO. LTD","NFS",120,329,330,318.6,320,"2024-01-24"
"NEPAL FINANCE & SAVING CO. LTD","NFS",123,323,337,318.7,323,"2024-01-23"
"NEPAL FINANCE & SAVING CO. LTD","NFS",185,331.3,334.5,320.5,323.1,"2024-01-22"
"NEPAL FINANCE & SAVING CO. LTD","NFS",199,330,340,325.1,325.9,"2024-01-21"
"NEPAL FINANCE & SAVING CO. LTD","NFS",254,337,344,332,334.9,"2024-01-18"
"NEPAL FINANCE & SAVING CO. LTD","NFS",511,358,362,338,341,"2024-01-17"
"NEPAL FINANCE & SAVING CO. LTD","NFS",321,345,356.5,345,353,"2024-01-16"
"NEPAL FINANCE & SAVING CO. LTD","NFS",214,332,344,330,343.7,"2024-01-14"
"NEPAL FINANCE & SAVING CO. LTD","NFS",145,329,332,320,332,"2024-01-11"
"NEPAL FINANCE & SAVING CO. LTD","NFS",186,337,340,325,325,"2024-01-10"
"NEPAL FINANCE & SAVING CO. LTD","NFS",350,320,335.4,316.1,331,"2024-01-09"
"NEPAL FINANCE & SAVING CO. LTD","NFS",133,305.2,316,304,316,"2024-01-08"
"NEPAL FINANCE & SAVING CO. LTD","NFS",114,303,313.5,303,305,"2024-01-07"
"NEPAL FINANCE & SAVING CO. LTD","NFS",121,319,319,307.4,308,"2024-01-04"
"NEPAL FINANCE & SAVING CO. LTD","NFS",74,313,316,307,314,"2024-01-03"
"NEPAL FINANCE & SAVING CO. LTD","NFS",60,319,319,307.6,307.7,"2024-01-02"
"NEPAL FINANCE & SAVING CO. LTD","NFS",134,320.2,326,311,316.9,"2024-01-01"
"NEPAL FINANCE & SAVING CO. LTD","NFS",113,316,322,311.1,314,"2023-12-28"
"NEPAL FINANCE & SAVING CO. LTD","NFS",126,325,326.4,311,313,"2023-12-27"
"NEPAL FINANCE & SAVING CO. LTD","NFS",137,321.2,334.5,315.2,320,"2023-12-24"
"NEPAL FINANCE & SAVING CO. LTD","NFS",154,330,334,322.1,324,"2023-12-21"
"NEPAL FINANCE & SAVING CO. LTD","NFS",167,342.5,350.5,330,333,"2023-12-20"
"NEPAL FINANCE & SAVING CO. LTD","NFS",162,339.8,339.8,321,337,"2023-12-19"
"NEPAL FINANCE & SAVING CO. LTD","NFS",245,336.5,349.8,329,336,"2023-12-18"
"NEPAL FINANCE & SAVING CO. LTD","NFS",132,312.2,330,306.1,330,"2023-12-17"
"NEPAL FINANCE & SAVING CO. LTD","NFS",72,313.7,320,313.7,318.5,"2023-12-14"
"NEPAL FINANCE & SAVING CO. LTD","NFS",148,323.4,330,313.6,320,"2023-12-13"
"NEPAL FINANCE & SAVING CO. LTD","NFS",125,313.8,326,308,323,"2023-12-12"
"NEPAL FINANCE & SAVING CO. LTD","NFS",124,321.9,328.3,304.8,308.3,"2023-12-11"
"NEPAL FINANCE & SAVING CO. LTD","NFS",7,297.7,315.6,297.7,315.6,"2023-12-10"
"NEPAL FINANCE & SAVING CO. LTD","NFS",50,284,294.7,284,291.9,"2023-12-07"
"NEPAL FINANCE & SAVING CO. LTD","NFS",25,285,289,285,289,"2023-12-06"
"NEPAL FINANCE & SAVING CO. LTD","NFS",20,291,292,286,288.6,"2023-12-05"
"NEPAL FINANCE & SAVING CO. LTD","NFS",37,285,294.5,285,288.8,"2023-12-04"
"NEPAL FINANCE & SAVING CO. LTD","NFS",32,285,289,282.4,289,"2023-12-03"
"NEPAL FINANCE & SAVING CO. LTD","NFS",43,300,300,287.1,290,"2023-11-30"
"NEPAL FINANCE & SAVING CO. LTD","NFS",34,303.5,309,291.5,295.6,"2023-11-29"
"NEPAL FINANCE & SAVING CO. LTD","NFS",47,299,302.8,294,297.6,"2023-11-28"
"NEPAL FINANCE & SAVING CO. LTD","NFS",56,302.4,305,292,296.9,"2023-11-27"
"NEPAL FINANCE & SAVING CO. LTD","NFS",77,293.9,300,290,299.5,"2023-11-26"
"NEPAL FINANCE & SAVING CO. LTD","NFS",54,281,290,281,290,"2023-11-23"
"NEPAL FINANCE & SAVING CO. LTD","NFS",32,276,283,275,280,"2023-11-22"
"NEPAL FINANCE & SAVING CO. LTD","NFS",63,279,281.9,270,277.9,"2023-11-21"
"NEPAL FINANCE & SAVING CO. LTD","NFS",34,287.6,290,282,282,"2023-11-20"
"NEPAL FINANCE & SAVING CO. LTD","NFS",39,286,286,281,284,"2023-11-09"
"NEPAL FINANCE & SAVING CO. LTD","NFS",24,291.9,291.9,286,289.5,"2023-11-08"
"NEPAL FINANCE & SAVING CO. LTD","NFS",21,286,299,282.5,288,"2023-11-07"
"NEPAL FINANCE & SAVING CO. LTD","NFS",54,285,293.9,282,282,"2023-11-06"
"NEPAL FINANCE & SAVING CO. LTD","NFS",40,286,286,280.6,280.6,"2023-11-05"
"NEPAL FINANCE & SAVING CO. LTD","NFS",24,290,290,283.5,284,"2023-11-02"
"NEPAL FINANCE & SAVING CO. LTD","NFS",48,289,290.2,287.1,287.1,"2023-11-01"
"NEPAL FINANCE & SAVING CO. LTD","NFS",28,288,291.8,287.2,289,"2023-10-31"
"NEPAL FINANCE & SAVING CO. LTD","NFS",51,291.9,294,288.5,293,"2023-10-30"
"NEPAL FINANCE & SAVING CO. LTD","NFS",50,297,297,281.1,288.6,"2023-10-29"
"NEPAL FINANCE & SAVING CO. LTD","NFS",37,302,302,292.1,292.5,"2023-10-19"
"NEPAL FINANCE & SAVING CO. LTD","NFS",38,300,303.8,296.2,298,"2023-10-18"
"NEPAL FINANCE & SAVING CO. LTD","NFS",48,295,305.1,294.5,295.1,"2023-10-17"
"NEPAL FINANCE & SAVING CO. LTD","NFS",52,298,298,289,291,"2023-10-16"
"NEPAL FINANCE & SAVING CO. LTD","NFS",78,302,302,290,294,"2023-10-12"
"NEPAL FINANCE & SAVING CO. LTD","NFS",77,303,303.5,295,298,"2023-10-11"
"NEPAL FINANCE & SAVING CO. LTD","NFS",37,298,308,296.1,300,"2023-10-10"
"NEPAL FINANCE & SAVING CO. LTD","NFS",45,298,308,298,304,"2023-10-09"
"NEPAL FINANCE & SAVING CO. LTD","NFS",88,297.1,306.9,297.1,304,"2023-10-08"
"NEPAL FINANCE & SAVING CO. LTD","NFS",61,310,313,303,303.1,"2023-10-05"
"NEPAL FINANCE & SAVING CO. LTD","NFS",63,305,312,305,309.5,"2023-10-04"
"NEPAL FINANCE & SAVING CO. LTD","NFS",55,308,309,301.9,307.8,"2023-10-03"
"NEPAL FINANCE & SAVING CO. LTD","NFS",73,302.3,311,302,307,"2023-10-02"
"NEPAL FINANCE & SAVING CO. LTD","NFS",87,309,310,305.1,307,"2023-10-01"
"NEPAL FINANCE & SAVING CO. LTD","NFS",69,316,317,310.1,314.8,"2023-09-27"
"NEPAL FINANCE & SAVING CO. LTD","NFS",85,319,325,316,321,"2023-09-26"
"NEPAL FINANCE & SAVING CO. LTD","NFS",98,311,322.3,311,314.9,"2023-09-25"
"NEPAL FINANCE & SAVING CO. LTD","NFS",125,321,325,311,317,"2023-09-24"
"NEPAL FINANCE & SAVING CO. LTD","NFS",162,319,329.9,315,322,"2023-09-21"
"NEPAL FINANCE & SAVING CO. LTD","NFS",86,294.7,314,294,314,"2023-09-19"
"NEPAL FINANCE & SAVING CO. LTD","NFS",39,290.1,301,289.5,299.9,"2023-09-18"
"NEPAL FINANCE & SAVING CO. LTD","NFS",91,302,305,292.2,295,"2023-09-17"
"NEPAL FINANCE & SAVING CO. LTD","NFS",94,301.4,307,296,306,"2023-09-13"
"NEPAL FINANCE & SAVING CO. LTD","NFS",48,301,301,293,295.8,"2023-09-12"
"NEPAL FINANCE & SAVING CO. LTD","NFS",68,291.8,302,290.1,300,"2023-09-11"
"NEPAL FINANCE & SAVING CO. LTD","NFS",56,290,293.9,285,288,"2023-09-10"
"NEPAL FINANCE & SAVING CO. LTD","NFS",85,288,293.7,283.1,286,"2023-09-07"
"NEPAL FINANCE & SAVING CO. LTD","NFS",57,295,298.9,289.1,292.8,"2023-09-05"
"NEPAL FINANCE & SAVING CO. LTD","NFS",48,292,298,292,295,"2023-09-04"
"NEPAL FINANCE & SAVING CO. LTD","NFS",54,295,298.8,292,294,"2023-09-03"
"NEPAL FINANCE & SAVING CO. LTD","NFS",40,303,305,297.2,298,"2023-08-30"
"NEPAL FINANCE & SAVING CO. LTD","NFS",47,300,305,298.5,300,"2023-08-29"
"NEPAL FINANCE & SAVING CO. LTD","NFS",39,302,308,299,300,"2023-08-28"
"NEPAL FINANCE & SAVING CO. LTD","NFS",86,303,307.9,297,302.8,"2023-08-27"
"NEPAL FINANCE & SAVING CO. LTD","NFS",90,314,314,305,308,"2023-08-24"
"NEPAL FINANCE & SAVING CO. LTD","NFS",76,303,318,303,316.3,"2023-08-23"
"NEPAL FINANCE & SAVING CO. LTD","NFS",74,295.2,310.9,295,308.9,"2023-08-22"
"NEPAL FINANCE & SAVING CO. LTD","NFS",97,301.1,305.9,297,299,"2023-08-21"
"NEPAL FINANCE & SAVING CO. LTD","NFS",42,311,315,305,305.3,"2023-08-20"
"NEPAL FINANCE & SAVING CO. LTD","NFS",102,314,314.2,308,310,"2023-08-17"
"NEPAL FINANCE & SAVING CO. LTD","NFS",96,316,316,305.2,308,"2023-08-16"
"NEPAL FINANCE & SAVING CO. LTD","NFS",140,312,322,309,312,"2023-08-15"
"NEPAL FINANCE & SAVING CO. LTD","NFS",102,316,328.4,316,317,"2023-08-14"
"NEPAL FINANCE & SAVING CO. LTD","NFS",108,330,330,318,322,"2023-08-13"
"NEPAL FINANCE & SAVING CO. LTD","NFS",208,323.9,329,315.6,323.9,"2023-08-10"
"NEPAL FINANCE & SAVING CO. LTD","NFS",170,311,318,303.1,318,"2023-08-09"
"NEPAL FINANCE & SAVING CO. LTD","NFS",106,311.1,317.4,305.4,307,"2023-08-08"
"NEPAL FINANCE & SAVING CO. LTD","NFS",151,318,320,309,314.9,"2023-08-07"
"NEPAL FINANCE & SAVING CO. LTD","NFS",314,326.4,328.4,310,311.9,"2023-08-06"
"NEPAL FINANCE & SAVING CO. LTD","NFS",117,338,338,329,333,"2023-08-03"
"NEPAL FINANCE & SAVING CO. LTD","NFS",178,320,334.9,320,334.9,"2023-08-02"
"NEPAL FINANCE & SAVING CO. LTD","NFS",125,340.6,340.6,323,326,"2023-08-01"
"NEPAL FINANCE & SAVING CO. LTD","NFS",195,335,340,328.3,334,"2023-07-31"
"NEPAL FINANCE & SAVING CO. LTD","NFS",196,342,342,328,329.9,"2023-07-30"
"NEPAL FINANCE & SAVING CO. LTD","NFS",235,343,350.8,333.2,336.1,"2023-07-27"
"NEPAL FINANCE & SAVING CO. LTD","NFS",182,336.1,348.8,336.1,342.9,"2023-07-26"
"NEPAL FINANCE & SAVING CO. LTD","NFS",344,356.9,356.9,339,342.9,"2023-07-25"
"NEPAL FINANCE & SAVING CO. LTD","NFS",255,361,361,348,350,"2023-07-24"
"NEPAL FINANCE & SAVING CO. LTD","NFS",283,360.8,365,350,359.4,"2023-07-23"
"NEPAL FINANCE & SAVING CO. LTD","NFS",253,364,364,352.4,353.9,"2023-07-20"
"NEPAL FINANCE & SAVING CO. LTD","NFS",195,371,371,356,357,"2023-07-19"
"NEPAL FINANCE & SAVING CO. LTD","NFS",346,377,377,358.1,364,"2023-07-18"
"NEPAL FINANCE & SAVING CO. LTD","NFS",351,358,372,347.6,369.9,"2023-07-17"
"NEPAL FINANCE & SAVING CO. LTD","NFS",297,360,360,348,351,"2023-07-16"
"NEPAL FINANCE & SAVING CO. LTD","NFS",419,360,366.8,350,353,"2023-07-13"
"NEPAL FINANCE & SAVING CO. LTD","NFS",728,387.6,390,359,360,"2023-07-12"
"NEPAL FINANCE & SAVING CO. LTD","NFS",733,375.2,388.9,360,380,"2023-07-11"
"NEPAL FINANCE & SAVING CO. LTD","NFS",857,352.9,372,347,368,"2023-07-10"
"NEPAL FINANCE & SAVING CO. LTD","NFS",503,335,347,332,346,"2023-07-09"
"NEPAL FINANCE & SAVING CO. LTD","NFS",306,338,338.1,327,331.9,"2023-07-06"
"NEPAL FINANCE & SAVING CO. LTD","NFS",1127,329.6,346.8,326.4,331.8,"2023-07-05"
"NEPAL FINANCE & SAVING CO. LTD","NFS",220,320,328,316.2,323.2,"2023-07-04"
"NEPAL FINANCE & SAVING CO. LTD","NFS",369,315.3,327,312.8,314,"2023-07-03"
"NEPAL FINANCE & SAVING CO. LTD","NFS",422,326.9,336.9,315.1,317.7,"2023-07-02"
"NEPAL FINANCE & SAVING CO. LTD","NFS",304,338.6,338.6,319,320.5,"2023-06-28"
"NEPAL FINANCE & SAVING CO. LTD","NFS",431,334.5,339,327,332,"2023-06-27"
"NEPAL FINANCE & SAVING CO. LTD","NFS",516,328.4,335,321,328,"2023-06-26"
"NEPAL FINANCE & SAVING CO. LTD","NFS",318,314.2,323,307.8,322,"2023-06-25"
"NEPAL FINANCE & SAVING CO. LTD","NFS",232,313.9,317,306,308.1,"2023-06-22"
"NEPAL FINANCE & SAVING CO. LTD","NFS",305,315.2,318,306,308.9,"2023-06-21"
"NEPAL FINANCE & SAVING CO. LTD","NFS",461,330.2,331,309,309.1,"2023-06-20"
"NEPAL FINANCE & SAVING CO. LTD","NFS",705,305.7,327.4,300,323.8,"2023-06-19"
"NEPAL FINANCE & SAVING CO. LTD","NFS",209,297.7,300,295,299.8,"2023-06-18"
"NEPAL FINANCE & SAVING CO. LTD","NFS",173,298,298,287.4,291.9,"2023-06-15"
"NEPAL FINANCE & SAVING CO. LTD","NFS",245,297,304,288,293,"2023-06-14"
"NEPAL FINANCE & SAVING CO. LTD","NFS",210,285,302,285,297,"2023-06-13"
"NEPAL FINANCE & SAVING CO. LTD","NFS",122,299,304.4,286.2,290.6,"2023-06-12"
"NEPAL FINANCE & SAVING CO. LTD","NFS",309,285,300,285,295,"2023-06-11"
"NEPAL FINANCE & SAVING CO. LTD","NFS",66,282,284.9,280,281,"2023-06-08"
"NEPAL FINANCE & SAVING CO. LTD","NFS",120,286,290,279,282,"2023-06-07"
"NEPAL FINANCE & SAVING CO. LTD","NFS",77,280,284,279,282,"2023-06-06"
"NEPAL FINANCE & SAVING CO. LTD","NFS",121,282,285.9,275.2,278.9,"2023-06-05"
"NEPAL FINANCE & SAVING CO. LTD","NFS",106,270,286,270,281.7,"2023-06-04"
"NEPAL FINANCE & SAVING CO. LTD","NFS",105,269,274.8,260.5,269.9,"2023-06-01"
"NEPAL FINANCE & SAVING CO. LTD","NFS",155,267,274.9,262,265.8,"2023-05-31"
"NEPAL FINANCE & SAVING CO. LTD","NFS",161,280,285,270,272,"2023-05-30"
"NEPAL FINANCE & SAVING CO. LTD","NFS",119,290,296,284.5,285,"2023-05-28"
"NEPAL FINANCE & SAVING CO. LTD","NFS",134,286,295.8,286,295.8,"2023-05-24"
"NEPAL FINANCE & SAVING CO. LTD","NFS",157,281.2,290,276,290,"2023-05-23"
"NEPAL FINANCE & SAVING CO. LTD","NFS",86,272,283,268,278,"2023-05-22"
"NEPAL FINANCE & SAVING CO. LTD","NFS",128,280,283.9,271,271.1,"2023-05-21"
"NEPAL FINANCE & SAVING CO. LTD","NFS",106,271,281.9,271,279,"2023-05-18"
"NEPAL FINANCE & SAVING CO. LTD","NFS",35,263.9,271,263,271,"2023-05-17"
"NEPAL FINANCE & SAVING CO. LTD","NFS",37,257.8,265,255.5,263.9,"2023-05-16"
"NEPAL FINANCE & SAVING CO. LTD","NFS",40,263,267,260.1,263,"2023-05-15"
"NEPAL FINANCE & SAVING CO. LTD","NFS",23,268,268,260,263,"2023-05-14"
"NEPAL FINANCE & SAVING CO. LTD","NFS",46,263.3,268.4,263.2,268,"2023-05-11"
"NEPAL FINANCE & SAVING CO. LTD","NFS",13,265,268,265,268,"2023-05-10"
"NEPAL FINANCE & SAVING CO. LTD","NFS",43,270.1,273.9,265,267.1,"2023-05-09"
"NEPAL FINANCE & SAVING CO. LTD","NFS",69,268.3,270,260,264.9,"2023-05-08"
"NEPAL FINANCE & SAVING CO. LTD","NFS",30,275,276,268.2,268.3,"2023-05-07"
"NEPAL FINANCE & SAVING CO. LTD","NFS",35,270.9,275,269,275,"2023-05-04"
"NEPAL FINANCE & SAVING CO. LTD","NFS",34,269.1,275.4,269,270.9,"2023-05-03"
"NEPAL FINANCE & SAVING CO. LTD","NFS",60,276,278,270.1,273.9,"2023-05-02"
"NEPAL FINANCE & SAVING CO. LTD","NFS",82,274,279,273,273,"2023-04-30"
"NEPAL FINANCE & SAVING CO. LTD","NFS",68,278,283,277.5,278,"2023-04-27"
"NEPAL FINANCE & SAVING CO. LTD","NFS",59,285,286.1,278.9,280,"2023-04-26"
"NEPAL FINANCE & SAVING CO. LTD","NFS",37,285,287,280,284,"2023-04-25"
"NEPAL FINANCE & SAVING CO. LTD","NFS",40,284,285,280,283,"2023-04-24"
"NEPAL FINANCE & SAVING CO. LTD","NFS",83,285,286.4,280,284.8,"2023-04-23"
"NEPAL FINANCE & SAVING CO. LTD","NFS",53,292.6,292.6,287,287,"2023-04-20"
"NEPAL FINANCE & SAVING CO. LTD","NFS",45,294,295,288.5,295,"2023-04-19"
"NEPAL FINANCE & SAVING CO. LTD","NFS",63,290,291.7,285,290,"2023-04-18"
"NEPAL FINANCE & SAVING CO. LTD","NFS",88,293.1,298.9,289,290,"2023-04-17"
"NEPAL FINANCE & SAVING CO. LTD","NFS",69,304,307,297,299,"2023-04-16"
"NEPAL FINANCE & SAVING CO. LTD","NFS",91,309,313,300,304,"2023-04-13"
"NEPAL FINANCE & SAVING CO. LTD","NFS",186,294.5,309,294.5,308,"2023-04-12"
"NEPAL FINANCE & SAVING CO. LTD","NFS",78,283,290,281.2,289,"2023-04-11"
"NEPAL FINANCE & SAVING CO. LTD","NFS",56,280,286,279,281,"2023-04-10"
"NEPAL FINANCE & SAVING CO. LTD","NFS",121,280,280,273,279,"2023-04-09"
"NEPAL FINANCE & SAVING CO. LTD","NFS",75,288.1,289.8,282.3,283,"2023-04-06"
"NEPAL FINANCE & SAVING CO. LTD","NFS",47,287,291,284.3,289,"2023-04-05"
"NEPAL FINANCE & SAVING CO. LTD","NFS",49,288,293,287,287,"2023-04-04"
"NEPAL FINANCE & SAVING CO. LTD","NFS",99,289.1,295,287,288,"2023-04-03"
"NEPAL FINANCE & SAVING CO. LTD","NFS",78,301.9,303.9,290.3,293,"2023-04-02"
"NEPAL FINANCE & SAVING CO. LTD","NFS",54,298.1,301.9,296.2,298,"2023-03-30"
"NEPAL FINANCE & SAVING CO. LTD","NFS",50,301,301,297.3,298,"2023-03-29"
"NEPAL FINANCE & SAVING CO. LTD","NFS",108,300,306,298.9,301,"2023-03-28"
"NEPAL FINANCE & SAVING CO. LTD","NFS",86,296.9,302.7,295,302,"2023-03-27"
"NEPAL FINANCE & SAVING CO. LTD","NFS",72,300,303.8,294,296.9,"2023-03-26"
"NEPAL FINANCE & SAVING CO. LTD","NFS",82,302.5,302.5,295,299,"2023-03-23"
"NEPAL FINANCE & SAVING CO. LTD","NFS",50,308.6,308.9,302.5,302.5,"2023-03-22"
"NEPAL FINANCE & SAVING CO. LTD","NFS",82,302,305,300.7,304.8,"2023-03-20"
"NEPAL FINANCE & SAVING CO. LTD","NFS",75,302,302.5,298,298.5,"2023-03-19"
"NEPAL FINANCE & SAVING CO. LTD","NFS",104,298,302,298,299,"2023-03-16"
"NEPAL FINANCE & SAVING CO. LTD","NFS",65,308.9,308.9,298.3,298.3,"2023-03-15"
"NEPAL FINANCE & SAVING CO. LTD","NFS",93,304,305,298.1,304,"2023-03-14"
"NEPAL FINANCE & SAVING CO. LTD","NFS",84,300,306,298,298.4,"2023-03-13"
"NEPAL FINANCE & SAVING CO. LTD","NFS",126,311,313.1,302,305,"2023-03-12"
"NEPAL FINANCE & SAVING CO. LTD","NFS",151,300.9,310,300.9,308,"2023-03-09"
"NEPAL FINANCE & SAVING CO. LTD","NFS",85,293,302,293,297,"2023-03-07"
"NEPAL FINANCE & SAVING CO. LTD","NFS",126,301,301,290,294,"2023-03-05"
"NEPAL FINANCE & SAVING CO. LTD","NFS",129,299,304,296,300,"2023-03-02"
"NEPAL FINANCE & SAVING CO. LTD","NFS",106,308,308,300.4,304,"2023-03-01"
"NEPAL FINANCE & SAVING CO. LTD","NFS",68,314,314,305,308,"2023-02-28"
"NEPAL FINANCE & SAVING CO. LTD","NFS",232,309,311,299,309,"2023-02-27"
"NEPAL FINANCE & SAVING CO. LTD","NFS",309,299.9,312,290,309,"2023-02-26"
"NEPAL FINANCE & SAVING CO. LTD","NFS",205,315,317.9,304,306,"2023-02-23"
"NEPAL FINANCE & SAVING CO. LTD","NFS",292,309,321,308,316.7,"2023-02-22"
"NEPAL FINANCE & SAVING CO. LTD","NFS",150,300,308,300,304.9,"2023-02-20"
"NEPAL FINANCE & SAVING CO. LTD","NFS",207,302,311.1,299.3,300,"2023-02-16"
"NEPAL FINANCE & SAVING CO. LTD","NFS",160,310,314,303,305,"2023-02-15"
"NEPAL FINANCE & SAVING CO. LTD","NFS",166,304,314.9,304,306.9,"2023-02-14"
"NEPAL FINANCE & SAVING CO. LTD","NFS",315,323,323,308.7,310,"2023-02-12"
"NEPAL FINANCE & SAVING CO. LTD","NFS",220,326,328.4,319,328,"2023-02-09"
"NEPAL FINANCE & SAVING CO. LTD","NFS",346,336,338,320,324,"2023-02-08"
"NEPAL FINANCE & SAVING CO. LTD","NFS",505,307,332,303.1,330,"2023-02-07"
"NEPAL FINANCE & SAVING CO. LTD","NFS",150,300,306,295,303,"2023-02-06"
"NEPAL FINANCE & SAVING CO. LTD","NFS",223,300,305.2,296,296,"2023-02-05"
"NEPAL FINANCE & SAVING CO. LTD","NFS",151,304.6,307,295,295.1,"2023-02-02"
"NEPAL FINANCE & SAVING CO. LTD","NFS",130,300,310,300,304.5,"2023-02-01"
"NEPAL FINANCE & SAVING CO. LTD","NFS",299,307,310,299,300,"2023-01-31"
"NEPAL FINANCE & SAVING CO. LTD","NFS",288,320,320,305,307,"2023-01-30"
"NEPAL FINANCE & SAVING CO. LTD","NFS",332,323,328,313.6,316.8,"2023-01-29"
"NEPAL FINANCE & SAVING CO. LTD","NFS",170,326,335,326,329,"2023-01-26"
"NEPAL FINANCE & SAVING CO. LTD","NFS",398,337,340,329,330,"2023-01-25"
"NEPAL FINANCE & SAVING CO. LTD","NFS",497,315,335,311.8,332,"2023-01-24"
"NEPAL FINANCE & SAVING CO. LTD","NFS",175,318,330,311.7,315,"2023-01-23"
"NEPAL FINANCE & SAVING CO. LTD","NFS",169,325.9,325.9,314,318,"2023-01-19"
"NEPAL FINANCE & SAVING CO. LTD","NFS",310,328,333,315,320,"2023-01-18"
"NEPAL FINANCE & SAVING CO. LTD","NFS",291,313.1,324.8,307,323,"2023-01-17"
"NEPAL FINANCE & SAVING CO. LTD","NFS",473,325.3,340.4,307,307,"2023-01-12"
"NEPAL FINANCE & SAVING CO. LTD","NFS",666,341,349,313.6,319,"2023-01-10"
"NEPAL FINANCE & SAVING CO. LTD","NFS",479,328,337,318.6,336,"2023-01-09"
"NEPAL FINANCE & SAVING CO. LTD","NFS",361,315,330,304,325,"2023-01-08"
"NEPAL FINANCE & SAVING CO. LTD","NFS",406,312.1,323,302.9,314,"2023-01-05"
"NEPAL FINANCE & SAVING CO. LTD","NFS",209,297,307,297,306,"2023-01-04"
"NEPAL FINANCE & SAVING CO. LTD","NFS",206,304,305,294.1,297,"2023-01-03"
"NEPAL FINANCE & SAVING CO. LTD","NFS",266,299,306.9,287.3,300,"2023-01-02"
"NEPAL FINANCE & SAVING CO. LTD","NFS",474,294.8,307,290,299,"2023-01-01"
"NEPAL FINANCE & SAVING CO. LTD","NFS",264,272,290,267.1,290,"2022-12-29"
"NEPAL FINANCE & SAVING CO. LTD","NFS",229,272.9,280,266.6,270,"2022-12-28"
"NEPAL FINANCE & SAVING CO. LTD","NFS",320,263.1,276,262,271.3,"2022-12-27"
"NEPAL FINANCE & SAVING CO. LTD","NFS",106,249,262,249,258,"2022-12-26"
"NEPAL FINANCE & SAVING CO. LTD","NFS",54,243.2,245,240.7,245,"2022-12-22"
"NEPAL FINANCE & SAVING CO. LTD","NFS",45,251,251,243.6,245,"2022-12-21"
"NEPAL FINANCE & SAVING CO. LTD","NFS",38,249.8,250,246,249.8,"2022-12-20"
"NEPAL FINANCE & SAVING CO. LTD","NFS",47,247.5,249.9,240.4,245,"2022-12-19"
"NEPAL FINANCE & SAVING CO. LTD","NFS",68,250,253,243,245,"2022-12-18"
"NEPAL FINANCE & SAVING CO. LTD","NFS",83,250.1,255,245.5,250,"2022-12-15"
"NEPAL FINANCE & SAVING CO. LTD","NFS",30,254,259,250,254,"2022-12-14"
"NEPAL FINANCE & SAVING CO. LTD","NFS",30,260,263,254,254,"2022-12-13"
"NEPAL FINANCE & SAVING CO. LTD","NFS",57,256,259.9,252.7,259,"2022-12-12"
"NEPAL FINANCE & SAVING CO. LTD","NFS",76,254.8,256,251,253.9,"2022-12-11"
"NEPAL FINANCE & SAVING CO. LTD","NFS",88,260,260,251.6,260,"2022-12-07"
"NEPAL FINANCE & SAVING CO. LTD","NFS",77,257,264,255,261.9,"2022-12-06"
"NEPAL FINANCE & SAVING CO. LTD","NFS",78,269,269,257.1,258,"2022-12-05"
"NEPAL FINANCE & SAVING CO. LTD","NFS",66,273,274,264.8,268,"2022-12-04"
"NEPAL FINANCE & SAVING CO. LTD","NFS",63,274.9,274.9,266,270,"2022-12-01"
"NEPAL FINANCE & SAVING CO. LTD","NFS",67,267.3,273.9,265,270,"2022-11-30"
"NEPAL FINANCE & SAVING CO. LTD","NFS",70,269.5,271.9,263.1,271.6,"2022-11-29"
"NEPAL FINANCE & SAVING CO. LTD","NFS",154,270,276,262.8,265,"2022-11-28"
"NEPAL FINANCE & SAVING CO. LTD","NFS",107,268.2,270,263.5,266,"2022-11-27"
"NEPAL FINANCE & SAVING CO. LTD","NFS",57,260,265,260,263,"2022-11-24"
"NEPAL FINANCE & SAVING CO. LTD","NFS",51,259.1,262.9,250,260,"2022-11-23"
"NEPAL FINANCE & SAVING CO. LTD","NFS",76,270,271,258,264,"2022-11-22"
"NEPAL FINANCE & SAVING CO. LTD","NFS",135,257,266,257,265,"2022-11-17"
"NEPAL FINANCE & SAVING CO. LTD","NFS",108,258,260.1,252,254.3,"2022-11-16"
"NEPAL FINANCE & SAVING CO. LTD","NFS",86,265,266.8,253,254.9,"2022-11-15"
"NEPAL FINANCE & SAVING CO. LTD","NFS",71,259,262.6,251,262,"2022-11-14"
"NEPAL FINANCE & SAVING CO. LTD","NFS",76,255,257.9,249.1,254,"2022-11-13"
"NEPAL FINANCE & SAVING CO. LTD","NFS",159,263,269,247.5,254,"2022-11-10"
"NEPAL FINANCE & SAVING CO. LTD","NFS",166,273.5,282,258.9,260.2,"2022-11-09"
"NEPAL FINANCE & SAVING CO. LTD","NFS",110,276,289,267.6,279,"2022-11-08"
"NEPAL FINANCE & SAVING CO. LTD","NFS",219,280,290.7,270,273,"2022-11-07"
"NEPAL FINANCE & SAVING CO. LTD","NFS",118,264,277,264,275,"2022-11-06"
"NEPAL FINANCE & SAVING CO. LTD","NFS",60,265,268,261,264,"2022-11-03"
"NEPAL FINANCE & SAVING CO. LTD","NFS",182,268,276,255,265,"2022-11-02"
"NEPAL FINANCE & SAVING CO. LTD","NFS",136,242.9,267,242.9,265.9,"2022-11-01"
"NEPAL FINANCE & SAVING CO. LTD","NFS",56,247,248.9,242.1,247.8,"2022-10-31"
"NEPAL FINANCE & SAVING CO. LTD","NFS",52,247,248,243,246,"2022-10-23"
"NEPAL FINANCE & SAVING CO. LTD","NFS",68,248,251,242.1,243.5,"2022-10-20"
"NEPAL FINANCE & SAVING CO. LTD","NFS",74,248,249,242.1,247,"2022-10-19"
"NEPAL FINANCE & SAVING CO. LTD","NFS",61,251,258,249.1,249.2,"2022-10-17"
"NEPAL FINANCE & SAVING CO. LTD","NFS",81,262,263,252,254,"2022-10-16"
"NEPAL FINANCE & SAVING CO. LTD","NFS",184,257,265.1,255,261,"2022-10-13"
"NEPAL FINANCE & SAVING CO. LTD","NFS",81,251.9,257,245.2,252.1,"2022-10-12"
"NEPAL FINANCE & SAVING CO. LTD","NFS",42,249,249.9,242.1,247,"2022-10-11"
"NEPAL FINANCE & SAVING CO. LTD","NFS",89,263,263,250,252,"2022-10-10"
"NEPAL FINANCE & SAVING CO. LTD","NFS",73,251,260,248,258,"2022-10-09"
"NEPAL FINANCE & SAVING CO. LTD","NFS",39,243,247.8,240.5,247,"2022-09-29"
"NEPAL FINANCE & SAVING CO. LTD","NFS",58,243,249,239,239,"2022-09-28"
"NEPAL FINANCE & SAVING CO. LTD","NFS",83,242,248,238,242.5,"2022-09-27"
"NEPAL FINANCE & SAVING CO. LTD","NFS",100,244.1,248,238,238,"2022-09-25"
"NEPAL FINANCE & SAVING CO. LTD","NFS",73,253,258,247.3,248,"2022-09-22"
"NEPAL FINANCE & SAVING CO. LTD","NFS",108,255,263,251.5,253.2,"2022-09-21"
"NEPAL FINANCE & SAVING CO. LTD","NFS",136,260,263,250,250,"2022-09-20"
"NEPAL FINANCE & SAVING CO. LTD","NFS",104,268,270,263.1,263.5,"2022-09-18"
"NEPAL FINANCE & SAVING CO. LTD","NFS",105,273.5,275,262.8,273,"2022-09-16"
"NEPAL FINANCE & SAVING CO. LTD","NFS",234,294,296,275,279,"2022-09-15"
"NEPAL FINANCE & SAVING CO. LTD","NFS",215,276,291,275,291,"2022-09-14"
"NEPAL FINANCE & SAVING CO. LTD","NFS",99,261,277.8,261,272.1,"2022-09-13"
"NEPAL FINANCE & SAVING CO. LTD","NFS",65,276.2,276.2,265.5,266,"2022-09-12"
"NEPAL FINANCE & SAVING CO. LTD","NFS",82,274,280,270,270.9,"2022-09-11"
"NEPAL FINANCE & SAVING CO. LTD","NFS",113,272,280,266,274,"2022-09-08"
"NEPAL FINANCE & SAVING CO. LTD","NFS",66,270,273,264.6,270,"2022-09-07"
"NEPAL FINANCE & SAVING CO. LTD","NFS",83,282.9,283,272,273.9,"2022-09-06"
"NEPAL FINANCE & SAVING CO. LTD","NFS",80,280.1,284,276,280,"2022-09-05"
"NEPAL FINANCE & SAVING CO. LTD","NFS",105,279.4,284,275,279,"2022-09-04"
"NEPAL FINANCE & SAVING CO. LTD","NFS",61,270,283.5,270,274,"2022-09-02"
"NEPAL FINANCE & SAVING CO. LTD","NFS",173,275,285,267,274,"2022-09-01"
"NEPAL FINANCE & SAVING CO. LTD","NFS",131,283,287,272,275,"2022-08-31"
"NEPAL FINANCE & SAVING CO. LTD","NFS",119,280,293,280,283,"2022-08-30"
"NEPAL FINANCE & SAVING CO. LTD","NFS",156,280,285.5,275,282.2,"2022-08-29"
"NEPAL FINANCE & SAVING CO. LTD","NFS",355,289,291.9,276.4,278,"2022-08-28"
"NEPAL FINANCE & SAVING CO. LTD","NFS",122,297.9,298,290,291.1,"2022-08-26"
"NEPAL FINANCE & SAVING CO. LTD","NFS",136,303,307,295.1,298,"2022-08-25"
"NEPAL FINANCE & SAVING CO. LTD","NFS",107,309,309,300,303,"2022-08-24"
"NEPAL FINANCE & SAVING CO. LTD","NFS",83,306,307,302,304,"2022-08-23"
"NEPAL FINANCE & SAVING CO. LTD","NFS",168,300,308.2,296.2,306,"2022-08-22"
"NEPAL FINANCE & SAVING CO. LTD","NFS",239,314,317,300,302.1,"2022-08-21"
"NEPAL FINANCE & SAVING CO. LTD","NFS",209,305,312.8,302,308,"2022-08-18"
"NEPAL FINANCE & SAVING CO. LTD","NFS",165,296,308,294,301.9,"2022-08-17"
"NEPAL FINANCE & SAVING CO. LTD","NFS",334,315,319,295,296,"2022-08-16"
"NEPAL FINANCE & SAVING CO. LTD","NFS",349,292,313.1,288,311.1,"2022-08-15"
"NEPAL FINANCE & SAVING CO. LTD","NFS",172,295,300.9,291.1,292,"2022-08-14"
"NEPAL FINANCE & SAVING CO. LTD","NFS",246,306,311.8,292.5,295,"2022-08-11"
"NEPAL FINANCE & SAVING CO. LTD","NFS",297,303,313,298,306,"2022-08-10"
"NEPAL FINANCE & SAVING CO. LTD","NFS",376,312.1,322,304,304,"2022-08-09"
"NEPAL FINANCE & SAVING CO. LTD","NFS",245,322,327.8,312.7,318,"2022-08-08"
"NEPAL FINANCE & SAVING CO. LTD","NFS",342,310.7,332,310.7,321.4,"2022-08-07"
"NEPAL FINANCE & SAVING CO. LTD","NFS",380,328,339,315.1,317,"2022-08-05"
"NEPAL FINANCE & SAVING CO. LTD","NFS",279,336.9,347.9,331.3,334,"2022-08-04"
"NEPAL FINANCE & SAVING CO. LTD","NFS",433,349,349,335.2,343.7,"2022-08-03"
"NEPAL FINANCE & SAVING CO. LTD","NFS",1208,333.2,352,314.1,343.1,"2022-08-02"
"NEPAL FINANCE & SAVING CO. LTD","NFS",234,340,346,324,339.9,"2022-08-01"
"NEPAL FINANCE & SAVING CO. LTD","NFS",262,350,350,338.3,341,"2022-07-31"
"NEPAL FINANCE & SAVING CO. LTD","NFS",124,361,361,341,349,"2022-07-29"
"NEPAL FINANCE & SAVING CO. LTD","NFS",349,347,362,337,354,"2022-07-28"
"NEPAL FINANCE & SAVING CO. LTD","NFS",252,320,355.8,316,346,"2022-07-27"
"NEPAL FINANCE & SAVING CO. LTD","NFS",330,345,347,323.5,325,"2022-07-26"
"NEPAL FINANCE & SAVING CO. LTD","NFS",358,322.2,344.1,322.2,341,"2022-07-25"
"NEPAL FINANCE & SAVING CO. LTD","NFS",195,303,319.1,303,319.1,"2022-07-24"
"NEPAL FINANCE & SAVING CO. LTD","NFS",107,315,316,296,297.5,"2022-07-22"
"NEPAL FINANCE & SAVING CO. LTD","NFS",88,315,315,300,310,"2022-07-21"
"NEPAL FINANCE & SAVING CO. LTD","NFS",121,305.1,318,301.9,312,"2022-07-20"
"NEPAL FINANCE & SAVING CO. LTD","NFS",127,307,315.9,306.1,308,"2022-07-19"
"NEPAL FINANCE & SAVING CO. LTD","NFS",112,298,309,290,306,"2022-07-18"
"NEPAL FINANCE & SAVING CO. LTD","NFS",78,300,306,297.1,298,"2022-07-17"
"NEPAL FINANCE & SAVING CO. LTD","NFS",104,303,307,294,300.8,"2022-07-15"
"NEPAL FINANCE & SAVING CO. LTD","NFS",157,308,317,295.1,304.9,"2022-07-14"
"NEPAL FINANCE & SAVING CO. LTD","NFS",188,282,304.7,272,304.7,"2022-07-13"
"NEPAL FINANCE & SAVING CO. LTD","NFS",134,273,285,265,277,"2022-07-12"
"NEPAL FINANCE & SAVING CO. LTD","NFS",170,281.3,286,266,268,"2022-07-11"
"NEPAL FINANCE & SAVING CO. LTD","NFS",80,292.1,296,285,287,"2022-07-08"
"NEPAL FINANCE & SAVING CO. LTD","NFS",109,304,314,295,296,"2022-07-07"
"NEPAL FINANCE & SAVING CO. LTD","NFS",186,287,313,280,300.3,"2022-07-06"
"NEPAL FINANCE & SAVING CO. LTD","NFS",204,302,317.3,290,291,"2022-07-05"
"NEPAL FINANCE & SAVING CO. LTD","NFS",368,315,334.5,305,308,"2022-07-04"
"NEPAL FINANCE & SAVING CO. LTD","NFS",267,300.9,315,299,314.9,"2022-07-03"
"NEPAL FINANCE & SAVING CO. LTD","NFS",364,279,300,255.1,295,"2022-07-01"
"NEPAL FINANCE & SAVING CO. LTD","NFS",189,253,273.9,244.1,273.9,"2022-06-30"
"NEPAL FINANCE & SAVING CO. LTD","NFS",76,236,250,233,249,"2022-06-29"
"NEPAL FINANCE & SAVING CO. LTD","NFS",56,240,240,235,235,"2022-06-28"
"NEPAL FINANCE & SAVING CO. LTD","NFS",157,250,265.3,236.5,241,"2022-06-27"
"NEPAL FINANCE & SAVING CO. LTD","NFS",137,234,254.1,234,250,"2022-06-26"
"NEPAL FINANCE & SAVING CO. LTD","NFS",81,225,241,213.3,231,"2022-06-24"
"NEPAL FINANCE & SAVING CO. LTD","NFS",64,239.2,239.2,227.1,229.5,"2022-06-23"
"NEPAL FINANCE & SAVING CO. LTD","NFS",45,252,252,240,244,"2022-06-22"
"NEPAL FINANCE & SAVING CO. LTD","NFS",93,240,250,240,248,"2022-06-21"
"NEPAL FINANCE & SAVING CO. LTD","NFS",79,250,255,236.2,237.2,"2022-06-20"
"NEPAL FINANCE & SAVING CO. LTD","NFS",68,260,260,250,254.5,"2022-06-19"
"NEPAL FINANCE & SAVING CO. LTD","NFS",23,273,273,263,265.2,"2022-06-17"
"NEPAL FINANCE & SAVING CO. LTD","NFS",56,262,282,262,268,"2022-06-16"
"NEPAL FINANCE & SAVING CO. LTD","NFS",67,276,276,264.6,267.2,"2022-06-15"
"NEPAL FINANCE & SAVING CO. LTD","NFS",69,275,275,269,275,"2022-06-14"
"NEPAL FINANCE & SAVING CO. LTD","NFS",47,280.1,285,276.5,276.5,"2022-06-13"
"NEPAL FINANCE & SAVING CO. LTD","NFS",50,280,288,274,285.6,"2022-06-10"
"NEPAL FINANCE & SAVING CO. LTD","NFS",125,300,303,283.4,285,"2022-06-09"
"NEPAL FINANCE & SAVING CO. LTD","NFS",114,287,301,277,296,"2022-06-08"
"NEPAL FINANCE & SAVING CO. LTD","NFS",77,295.1,298,283.3,283.3,"2022-06-07"
"NEPAL FINANCE & SAVING CO. LTD","NFS",81,297,304.9,288.5,295,"2022-06-06"
"NEPAL FINANCE & SAVING CO. LTD","NFS",79,299,299,290,294,"2022-06-03"
"NEPAL FINANCE & SAVING CO. LTD","NFS",61,299,307,295.2,296,"2022-06-02"
"NEPAL FINANCE & SAVING CO. LTD","NFS",114,300,306,294,296,"2022-06-01"
"NEPAL FINANCE & SAVING CO. LTD","NFS",90,296,301.5,290,296,"2022-05-31"
"NEPAL FINANCE & SAVING CO. LTD","NFS",92,308,308,296.1,301.9,"2022-05-30"
"NEPAL FINANCE & SAVING CO. LTD","NFS",91,316,316,303,304,"2022-05-27"
"NEPAL FINANCE & SAVING CO. LTD","NFS",71,314,317,305,312,"2022-05-26"
"NEPAL FINANCE & SAVING CO. LTD","NFS",89,310,318,303,308.1,"2022-05-25"
"NEPAL FINANCE & SAVING CO. LTD","NFS",82,303,317,303,310,"2022-05-24"
"NEPAL FINANCE & SAVING CO. LTD","NFS",77,317,317.2,306,309,"2022-05-23"
"NEPAL FINANCE & SAVING CO. LTD","NFS",102,326,329.9,310,311,"2022-05-20"
"NEPAL FINANCE & SAVING CO. LTD","NFS",84,331,335,317,320,"2022-05-19"
"NEPAL FINANCE & SAVING CO. LTD","NFS",150,311.7,336,301,325,"2022-05-18"
"NEPAL FINANCE & SAVING CO. LTD","NFS",193,337,338,318,318,"2022-05-17"
"NEPAL FINANCE & SAVING CO. LTD","NFS",511,339.9,366.6,334,343,"2022-05-12"
"NEPAL FINANCE & SAVING CO. LTD","NFS",253,309,333.3,300,333.3,"2022-05-11"
"NEPAL FINANCE & SAVING CO. LTD","NFS",171,303,305.9,294,303,"2022-05-10"
"NEPAL FINANCE & SAVING CO. LTD","NFS",212,298,309.8,295,298,"2022-05-09"
"NEPAL FINANCE & SAVING CO. LTD","NFS",155,303,303,290.1,295,"2022-05-08"
"NEPAL FINANCE & SAVING CO. LTD","NFS",185,317,317,295,298,"2022-05-05"
"NEPAL FINANCE & SAVING CO. LTD","NFS",351,317,340,313,317,"2022-05-04"
"NEPAL FINANCE & SAVING CO. LTD","NFS",840,510,514,459,459,"2022-05-02"
"NEPAL FINANCE & SAVING CO. LTD","NFS",584,511,527,507,510,"2022-04-28"
"NEPAL FINANCE & SAVING CO. LTD","NFS",768,478,505.8,475,501,"2022-04-27"
"NEPAL FINANCE & SAVING CO. LTD","NFS",103,465,480.1,464,469,"2022-04-26"
"NEPAL FINANCE & SAVING CO. LTD","NFS",201,485,485,462,465,"2022-04-25"
"NEPAL FINANCE & SAVING CO. LTD","NFS",210,453,489.5,445.9,479,"2022-04-24"
"NEPAL FINANCE & SAVING CO. LTD","NFS",322,451,452,425,445,"2022-04-21"
"NEPAL FINANCE & SAVING CO. LTD","NFS",93,495.9,495.9,460,460,"2022-04-20"
"NEPAL FINANCE & SAVING CO. LTD","NFS",140,494.8,495,477,487.2,"2022-04-19"
"NEPAL FINANCE & SAVING CO. LTD","NFS",144,510.1,511,484.2,485.6,"2022-04-18"
"NEPAL FINANCE & SAVING CO. LTD","NFS",86,530,530,508.7,510.1,"2022-04-17"
"NEPAL FINANCE & SAVING CO. LTD","NFS",131,530,535,513,527,"2022-04-13"
"NEPAL FINANCE & SAVING CO. LTD","NFS",114,540.2,551,520,529,"2022-04-12"
"NEPAL FINANCE & SAVING CO. LTD","NFS",85,570.1,581.5,550.1,550.5,"2022-04-11"
"NEPAL FINANCE & SAVING CO. LTD","NFS",107,565,572,558,559,"2022-04-07"
"NEPAL FINANCE & SAVING CO. LTD","NFS",105,558,568,550,560,"2022-04-06"
"NEPAL FINANCE & SAVING CO. LTD","NFS",135,595,595,566,569,"2022-04-05"
"NEPAL FINANCE & SAVING CO. LTD","NFS",59,593,602,587.3,590,"2022-04-04"
"NEPAL FINANCE & SAVING CO. LTD","NFS",71,615,615,596,598,"2022-04-03"
"NEPAL FINANCE & SAVING CO. LTD","NFS",139,592,614,592,611,"2022-03-31"
"NEPAL FINANCE & SAVING CO. LTD","NFS",273,597.1,617,585,600.1,"2022-03-30"
"NEPAL FINANCE & SAVING CO. LTD","NFS",123,623,623,600,605,"2022-03-29"
"NEPAL FINANCE & SAVING CO. LTD","NFS",154,602,623.2,602,612,"2022-03-28"
"NEPAL FINANCE & SAVING CO. LTD","NFS",189,645,645,610,611,"2022-03-27"
"NEPAL FINANCE & SAVING CO. LTD","NFS",466,677.2,677.2,633,633,"2022-03-24"
"NEPAL FINANCE & SAVING CO. LTD","NFS",504,680,680,654,664,"2022-03-23"
"NEPAL FINANCE & SAVING CO. LTD","NFS",112,675,687,667,667,"2022-03-22"
"NEPAL FINANCE & SAVING CO. LTD","NFS",156,679,680,660,675,"2022-03-21"
"NEPAL FINANCE & SAVING CO. LTD","NFS",134,674.3,687.7,663,669,"2022-03-20"
"NEPAL FINANCE & SAVING CO. LTD","NFS",177,669,695,665.1,688,"2022-03-16"
"NEPAL FINANCE & SAVING CO. LTD","NFS",162,687,687,655,669,"2022-03-15"
"NEPAL FINANCE & SAVING CO. LTD","NFS",53,670,678,660,673.9,"2022-03-14"
"NEPAL FINANCE & SAVING CO. LTD","NFS",268,655,678.4,652,675,"2022-03-13"
"NEPAL FINANCE & SAVING CO. LTD","NFS",134,610.1,649.9,610.1,647,"2022-03-10"
"NEPAL FINANCE & SAVING CO. LTD","NFS",113,640,640,615,621,"2022-03-09"
"NEPAL FINANCE & SAVING CO. LTD","NFS",117,649,649,621.1,640,"2022-03-07"
"NEPAL FINANCE & SAVING CO. LTD","NFS",114,640,650,628,638,"2022-03-06"
"NEPAL FINANCE & SAVING CO. LTD","NFS",236,651.1,665,630,638,"2022-03-02"
"NEPAL FINANCE & SAVING CO. LTD","NFS",144,676,680,659.7,660,"2022-02-28"
"NEPAL FINANCE & SAVING CO. LTD","NFS",110,680,694,667.1,675,"2022-02-27"
"NEPAL FINANCE & SAVING CO. LTD","NFS",223,702.7,702.7,668,670,"2022-02-24"
"NEPAL FINANCE & SAVING CO. LTD","NFS",108,715,717.9,688,689,"2022-02-23"
"NEPAL FINANCE & SAVING CO. LTD","NFS",166,719,719,705,714.9,"2022-02-22"
"NEPAL FINANCE & SAVING CO. LTD","NFS",228,690,718.8,684.1,715,"2022-02-21"
"NEPAL FINANCE & SAVING CO. LTD","NFS",346,660,719,646.8,698,"2022-02-20"
"NEPAL FINANCE & SAVING CO. LTD","NFS",123,681,690,666,670,"2022-02-17"
"NEPAL FINANCE & SAVING CO. LTD","NFS",78,702,702,673,680,"2022-02-16"
"NEPAL FINANCE & SAVING CO. LTD","NFS",107,666,698.7,666,690,"2022-02-15"
"NEPAL FINANCE & SAVING CO. LTD","NFS",115,670,685,666,670,"2022-02-14"
"NEPAL FINANCE & SAVING CO. LTD","NFS",267,680,680,652,670,"2022-02-13"
"NEPAL FINANCE & SAVING CO. LTD","NFS",132,696.3,708,688,688,"2022-02-10"
"NEPAL FINANCE & SAVING CO. LTD","NFS",191,690,710,685,710,"2022-02-09"
"NEPAL FINANCE & SAVING CO. LTD","NFS",222,729.3,743.8,700,701,"2022-02-08"
"NEPAL FINANCE & SAVING CO. LTD","NFS",229,710,726,710,715,"2022-02-07"
"NEPAL FINANCE & SAVING CO. LTD","NFS",291,750,750,707,715,"2022-02-06"
"NEPAL FINANCE & SAVING CO. LTD","NFS",335,735,760,722,744.6,"2022-02-03"
"NEPAL FINANCE & SAVING CO. LTD","NFS",344,720,739.9,715.4,735,"2022-02-01"
"NEPAL FINANCE & SAVING CO. LTD","NFS",417,725,735,710,730,"2022-01-31"
"NEPAL FINANCE & SAVING CO. LTD","NFS",610,691.5,737,685,730,"2022-01-30"
"NEPAL FINANCE & SAVING CO. LTD","NFS",110,690.5,690.5,673,678,"2022-01-27"
"NEPAL FINANCE & SAVING CO. LTD","NFS",241,680,691,670.5,677,"2022-01-26"
"NEPAL FINANCE & SAVING CO. LTD","NFS",267,672.3,699.9,672.3,682,"2022-01-25"
"NEPAL FINANCE & SAVING CO. LTD","NFS",411,720,720,680.3,686,"2022-01-24"
"NEPAL FINANCE & SAVING CO. LTD","NFS",279,720,731,703,706,"2022-01-23"
"NEPAL FINANCE & SAVING CO. LTD","NFS",332,706.8,715,683.1,715,"2022-01-20"
"NEPAL FINANCE & SAVING CO. LTD","NFS",298,720,720,690,693,"2022-01-19"
"NEPAL FINANCE & SAVING CO. LTD","NFS",285,734.4,734.4,695,716,"2022-01-18"
"NEPAL FINANCE & SAVING CO. LTD","NFS",544,708.9,730,690,720,"2022-01-17"
"NEPAL FINANCE & SAVING CO. LTD","NFS",438,715,729,688,695,"2022-01-16"
"NEPAL FINANCE & SAVING CO. LTD","NFS",398,690,703,670,702,"2022-01-13"
"NEPAL FINANCE & SAVING CO. LTD","NFS",553,693,720,669,680,"2022-01-12"
"NEPAL FINANCE & SAVING CO. LTD","NFS",589,630,693,620,693,"2022-01-11"
"NEPAL FINANCE & SAVING CO. LTD","NFS",533,627,635,610,630,"2022-01-10"
"NEPAL FINANCE & SAVING CO. LTD","NFS",496,586.8,615,577,615,"2022-01-09"
"NEPAL FINANCE & SAVING CO. LTD","NFS",313,532,575.3,519,575.3,"2022-01-06"
"NEPAL FINANCE & SAVING CO. LTD","NFS",164,529.3,542,518.5,523,"2022-01-05"
"NEPAL FINANCE & SAVING CO. LTD","NFS",132,508,523,500,522,"2022-01-04"
"NEPAL FINANCE & SAVING CO. LTD","NFS",118,506.9,515.1,495,498.8,"2022-01-03"
"NEPAL FINANCE & SAVING CO. LTD","NFS",78,498,507,490,499,"2022-01-02"
"NEPAL FINANCE & SAVING CO. LTD","NFS",106,490,524,490,498,"2021-12-29"
"NEPAL FINANCE & SAVING CO. LTD","NFS",139,471,497,470.5,495,"2021-12-28"
"NEPAL FINANCE & SAVING CO. LTD","NFS",153,508,515,480,480,"2021-12-27"
"NEPAL FINANCE & SAVING CO. LTD","NFS",104,515,520.2,505,515,"2021-12-26"
"NEPAL FINANCE & SAVING CO. LTD","NFS",161,516,524.8,501.9,510,"2021-12-23"
"NEPAL FINANCE & SAVING CO. LTD","NFS",123,495,518,490,515.9,"2021-12-22"
"NEPAL FINANCE & SAVING CO. LTD","NFS",52,475,489,472,486,"2021-12-21"
"NEPAL FINANCE & SAVING CO. LTD","NFS",69,499,499,470.9,470.9,"2021-12-20"
"NEPAL FINANCE & SAVING CO. LTD","NFS",75,511,511,490,490,"2021-12-16"
"NEPAL FINANCE & SAVING CO. LTD","NFS",206,513,534.4,490,511,"2021-12-15"
"NEPAL FINANCE & SAVING CO. LTD","NFS",85,460,503.8,460,503.8,"2021-12-14"
"NEPAL FINANCE & SAVING CO. LTD","NFS",183,479.8,489.4,458,458,"2021-12-13"
"NEPAL FINANCE & SAVING CO. LTD","NFS",115,520,522.9,489,489.5,"2021-12-12"
"NEPAL FINANCE & SAVING CO. LTD","NFS",89,522,522,500.1,513,"2021-12-09"
"NEPAL FINANCE & SAVING CO. LTD","NFS",176,535,549,508,513,"2021-12-08"
"NEPAL FINANCE & SAVING CO. LTD","NFS",151,576.1,580,540,542,"2021-12-07"
"NEPAL FINANCE & SAVING CO. LTD","NFS",182,562.5,592,529.2,564.9,"2021-12-06"
"NEPAL FINANCE & SAVING CO. LTD","NFS",215,569,580,550,555,"2021-12-05"
"NEPAL FINANCE & SAVING CO. LTD","NFS",170,604.9,605,575,579.9,"2021-12-02"
"NEPAL FINANCE & SAVING CO. LTD","NFS",185,594,605,586.5,595,"2021-12-01"
"NEPAL FINANCE & SAVING CO. LTD","NFS",124,595,596.7,572,583,"2021-11-30"
"NEPAL FINANCE & SAVING CO. LTD","NFS",384,585,610,576.3,585,"2021-11-29"
"NEPAL FINANCE & SAVING CO. LTD","NFS",191,584.1,595.7,563,584,"2021-11-28"
"NEPAL FINANCE & SAVING CO. LTD","NFS",227,590,623,571,596,"2021-11-25"
"NEPAL FINANCE & SAVING CO. LTD","NFS",106,567.7,597,560,580,"2021-11-24"
"NEPAL FINANCE & SAVING CO. LTD","NFS",186,594,605,566,579,"2021-11-23"
"NEPAL FINANCE & SAVING CO. LTD","NFS",125,600,602,585,594.5,"2021-11-22"
"NEPAL FINANCE & SAVING CO. LTD","NFS",117,581.2,616,581.2,599,"2021-11-21"
"NEPAL FINANCE & SAVING CO. LTD","NFS",134,599,620,590,593,"2021-11-18"
"NEPAL FINANCE & SAVING CO. LTD","NFS",203,632,636,611.1,611.1,"2021-11-17"
"NEPAL FINANCE & SAVING CO. LTD","NFS",177,590,632.4,578,620,"2021-11-16"
"NEPAL FINANCE & SAVING CO. LTD","NFS",137,581,594.9,581,587,"2021-11-15"
"NEPAL FINANCE & SAVING CO. LTD","NFS",114,564,587,561,570,"2021-11-14"
"NEPAL FINANCE & SAVING CO. LTD","NFS",207,575,584,565,565,"2021-11-11"
"NEPAL FINANCE & SAVING CO. LTD","NFS",202,612,612,575,584,"2021-11-09"
"NEPAL FINANCE & SAVING CO. LTD","NFS",151,592,615,592,600,"2021-11-08"
"NEPAL FINANCE & SAVING CO. LTD","NFS",124,610,612,587.2,591,"2021-11-03"
"NEPAL FINANCE & SAVING CO. LTD","NFS",184,580,601,567.1,599,"2021-11-02"
"NEPAL FINANCE & SAVING CO. LTD","NFS",258,624.9,624.9,588.1,590,"2021-11-01"
"NEPAL FINANCE & SAVING CO. LTD","NFS",193,588,625,581,615,"2021-10-31"
"NEPAL FINANCE & SAVING CO. LTD","NFS",211,605,605,569.6,588,"2021-10-28"
"NEPAL FINANCE & SAVING CO. LTD","NFS",299,595,605,560,594,"2021-10-27"
"NEPAL FINANCE & SAVING CO. LTD","NFS",192,580,600,579,590,"2021-10-26"
"NEPAL FINANCE & SAVING CO. LTD","NFS",250,539,582,539,569,"2021-10-25"
"NEPAL FINANCE & SAVING CO. LTD","NFS",298,508.9,542,500,530,"2021-10-24"
"NEPAL FINANCE & SAVING CO. LTD","NFS",109,511,520,480.1,499,"2021-10-21"
"NEPAL FINANCE & SAVING CO. LTD","NFS",115,474,502,469,501,"2021-10-20"
"NEPAL FINANCE & SAVING CO. LTD","NFS",113,477,485.9,451,465,"2021-10-19"
"NEPAL FINANCE & SAVING CO. LTD","NFS",104,510,510,486,486,"2021-10-18"
"NEPAL FINANCE & SAVING CO. LTD","NFS",42,518.1,518.1,500,515,"2021-10-17"
"NEPAL FINANCE & SAVING CO. LTD","NFS",80,529,529,500,508,"2021-10-11"
"NEPAL FINANCE & SAVING CO. LTD","NFS",189,526,545,500,519,"2021-10-10"
"NEPAL FINANCE & SAVING CO. LTD","NFS",128,512,538,502,526,"2021-10-06"
"NEPAL FINANCE & SAVING CO. LTD","NFS",98,499.8,508,495,502,"2021-10-05"
"NEPAL FINANCE & SAVING CO. LTD","NFS",110,492,514.5,481,490,"2021-10-04"
"NEPAL FINANCE & SAVING CO. LTD","NFS",304,538.4,549,491.1,500,"2021-10-03"
"NEPAL FINANCE & SAVING CO. LTD","NFS",556,489.6,528,489.6,528,"2021-09-30"
"NEPAL FINANCE & SAVING CO. LTD","NFS",201,450,482,417,480,"2021-09-29"
"NEPAL FINANCE & SAVING CO. LTD","NFS",237,491,493.9,440.1,445.9,"2021-09-28"
"NEPAL FINANCE & SAVING CO. LTD","NFS",254,535,535,482.2,489,"2021-09-27"
"NEPAL FINANCE & SAVING CO. LTD","NFS",121,550,571.2,517,529.9,"2021-09-26"
"NEPAL FINANCE & SAVING CO. LTD","NFS",304,593,596.1,549,560,"2021-09-23"
"NEPAL FINANCE & SAVING CO. LTD","NFS",218,550,591,540.1,583,"2021-09-22"
"NEPAL FINANCE & SAVING CO. LTD","NFS",214,530,572,500,540,"2021-09-21"
"NEPAL FINANCE & SAVING CO. LTD","NFS",257,610.9,610.9,539.1,540,"2021-09-20"
"NEPAL FINANCE & SAVING CO. LTD","NFS",270,615.1,620,592,599,"2021-09-16"
"NEPAL FINANCE & SAVING CO. LTD","NFS",121,662.7,662.7,627,627,"2021-09-15"
"NEPAL FINANCE & SAVING CO. LTD","NFS",209,660,670,622.3,649.8,"2021-09-14"
"NEPAL FINANCE & SAVING CO. LTD","NFS",313,670,688,646.8,659,"2021-09-13"
"NEPAL FINANCE & SAVING CO. LTD","NFS",306,633.4,664,625,658,"2021-09-12"
"NEPAL FINANCE & SAVING CO. LTD","NFS",197,601,630.3,596,621,"2021-09-09"
"NEPAL FINANCE & SAVING CO. LTD","NFS",178,620,624,594.9,600,"2021-09-08"
"NEPAL FINANCE & SAVING CO. LTD","NFS",232,663,674.2,621,629,"2021-09-07"
"NEPAL FINANCE & SAVING CO. LTD","NFS",366,592,653,565,650,"2021-09-06"
"NEPAL FINANCE & SAVING CO. LTD","NFS",300,650.8,650.8,597.6,597.6,"2021-09-05"
"NEPAL FINANCE & SAVING CO. LTD","NFS",254,700,703.8,635.4,664,"2021-09-02"
"NEPAL FINANCE & SAVING CO. LTD","NFS",182,700,724,690,690,"2021-09-01"
"NEPAL FINANCE & SAVING CO. LTD","NFS",243,730,730,695,705,"2021-08-31"
"NEPAL FINANCE & SAVING CO. LTD","NFS",510,737.4,760,726,728,"2021-08-29"
"NEPAL FINANCE & SAVING CO. LTD","NFS",468,685,745.6,685,723,"2021-08-26"
"NEPAL FINANCE & SAVING CO. LTD","NFS",402,737,740,686,696,"2021-08-25"
"NEPAL FINANCE & SAVING CO. LTD","NFS",268,742,771,715,737,"2021-08-24"
"NEPAL FINANCE & SAVING CO. LTD","NFS",238,780,780,740,740,"2021-08-19"
"NEPAL FINANCE & SAVING CO. LTD","NFS",452,765,780,750,765,"2021-08-18"
"NEPAL FINANCE & SAVING CO. LTD","NFS",281,761.9,763,730,750,"2021-08-17"
"NEPAL FINANCE & SAVING CO. LTD","NFS",295,781.3,796.9,742,747,"2021-08-16"
"NEPAL FINANCE & SAVING CO. LTD","NFS",494,790,790,719.4,766,"2021-08-15"
"NEPAL FINANCE & SAVING CO. LTD","NFS",535,741,806,740,790,"2021-08-12"
"NEPAL FINANCE & SAVING CO. LTD","NFS",330,775,785,740,751,"2021-08-11"
"NEPAL FINANCE & SAVING CO. LTD","NFS",464,779,804.3,765,766,"2021-08-10"
"NEPAL FINANCE & SAVING CO. LTD","NFS",608,800,800,755,765,"2021-08-09"
"NEPAL FINANCE & SAVING CO. LTD","NFS",719,734,792.5,734,785,"2021-08-08"
"NEPAL FINANCE & SAVING CO. LTD","NFS",678,660,720.5,660,720.5,"2021-08-05"
"NEPAL FINANCE & SAVING CO. LTD","NFS",216,642.1,660,640,655,"2021-08-04"
"NEPAL FINANCE & SAVING CO. LTD","NFS",232,675,675,640,655,"2021-08-03"
"NEPAL FINANCE & SAVING CO. LTD","NFS",318,663,680,635.1,665,"2021-08-02"
"NEPAL FINANCE & SAVING CO. LTD","NFS",320,631,650,613,650,"2021-08-01"
"NEPAL FINANCE & SAVING CO. LTD","NFS",266,632.4,641,619.8,631,"2021-07-29"
"NEPAL FINANCE & SAVING CO. LTD","NFS",343,593,640,591,620,"2021-07-28"
"NEPAL FINANCE & SAVING CO. LTD","NFS",199,575,610,572.4,582,"2021-07-27"
"NEPAL FINANCE & SAVING CO. LTD","NFS",173,576,597,576,584,"2021-07-26"
"NEPAL FINANCE & SAVING CO. LTD","NFS",274,565,605,565,584,"2021-07-25"
"NEPAL FINANCE & SAVING CO. LTD","NFS",288,580,598,570,575,"2021-07-22"
"NEPAL FINANCE & SAVING CO. LTD","NFS",214,587.1,598,585,587,"2021-07-20"
"NEPAL FINANCE & SAVING CO. LTD","NFS",411,620,621,586.3,599,"2021-07-19"
"NEPAL FINANCE & SAVING CO. LTD","NFS",617,578,626,570,609,"2021-07-18"
"NEPAL FINANCE & SAVING CO. LTD","NFS",356,568,580,547,570,"2021-07-15"
"NEPAL FINANCE & SAVING CO. LTD","NFS",604,521,565,511,559,"2021-07-14"
"NEPAL FINANCE & SAVING CO. LTD","NFS",204,509,535,505,519,"2021-07-13"
"NEPAL FINANCE & SAVING CO. LTD","NFS",378,535,550,499,509,"2021-07-12"
"NEPAL FINANCE & SAVING CO. LTD","NFS",351,480,539,480,528,"2021-07-11"
"NEPAL FINANCE & SAVING CO. LTD","NFS",143,481,497,481,492,"2021-07-08"
"NEPAL FINANCE & SAVING CO. LTD","NFS",108,490,500,486,489,"2021-07-07"
"NEPAL FINANCE & SAVING CO. LTD","NFS",183,510,511,491,496,"2021-07-06"
"NEPAL FINANCE & SAVING CO. LTD","NFS",555,500,530,492,500,"2021-07-05"
"NEPAL FINANCE & SAVING CO. LTD","NFS",386,477,499,461,491,"2021-07-04"
"NEPAL FINANCE & SAVING CO. LTD","NFS",275,502,502,471,472,"2021-07-01"
"NEPAL FINANCE & SAVING CO. LTD","NFS",541,443,479,428,479,"2021-06-30"
"NEPAL FINANCE & SAVING CO. LTD","NFS",101,453,453,435,436,"2021-06-29"
"NEPAL FINANCE & SAVING CO. LTD","NFS",165,449,457,439,445,"2021-06-28"
"NEPAL FINANCE & SAVING CO. LTD","NFS",109,440,444,428,441,"2021-06-27"
"NEPAL FINANCE & SAVING CO. LTD","NFS",140,431,441,423,436,"2021-06-24"
"NEPAL FINANCE & SAVING CO. LTD","NFS",169,447,452,427,431,"2021-06-23"
"NEPAL FINANCE & SAVING CO. LTD","NFS",199,430,458,415,456,"2021-06-22"
"NEPAL FINANCE & SAVING CO. LTD","NFS",198,411,450,411,424,"2021-06-21"
"NEPAL FINANCE & SAVING CO. LTD","NFS",239,455,469,414,432,"2021-06-20"
"NEPAL FINANCE & SAVING CO. LTD","NFS",386,428,460,412,452,"2021-06-17"
"NEPAL FINANCE & SAVING CO. LTD","NFS",528,470,470,427,428,"2021-06-16"
"NEPAL FINANCE & SAVING CO. LTD","NFS",468,505,505,472,474,"2021-06-15"
"NEPAL FINANCE & SAVING CO. LTD","NFS",519,520,555,498,504,"2021-06-14"
"NEPAL FINANCE & SAVING CO. LTD","NFS",856,475,512,466,512,"2021-06-13"
"NEPAL FINANCE & SAVING CO. LTD","NFS",387,460,469,440,466,"2021-06-10"
"NEPAL FINANCE & SAVING CO. LTD","NFS",612,477,495,449,460,"2021-06-09"
"NEPAL FINANCE & SAVING CO. LTD","NFS",506,440,477,440,477,"2021-06-08"
"NEPAL FINANCE & SAVING CO. LTD","NFS",398,415,440,415,434,"2021-06-07"
"NEPAL FINANCE & SAVING CO. LTD","NFS",212,425,430,406,412,"2021-06-06"
"NEPAL FINANCE & SAVING CO. LTD","NFS",742,425,458,424,426,"2021-06-03"
"NEPAL FINANCE & SAVING CO. LTD","NFS",358,395,427,395,425,"2021-06-02"
"NEPAL FINANCE & SAVING CO. LTD","NFS",205,400,405,391,399,"2021-06-01"
"NEPAL FINANCE & SAVING CO. LTD","NFS",251,424,424,395,398,"2021-05-31"
"NEPAL FINANCE & SAVING CO. LTD","NFS",313,424,430,408,418,"2021-05-30"
"NEPAL FINANCE & SAVING CO. LTD","NFS",325,409,434,395,416,"2021-05-27"
"NEPAL FINANCE & SAVING CO. LTD","NFS",281,441,441,406,409,"2021-05-25"
"NEPAL FINANCE & SAVING CO. LTD","NFS",402,440,440,410,420,"2021-05-24"
"NEPAL FINANCE & SAVING CO. LTD","NFS",478,435,444,408,433,"2021-05-23"
"NEPAL FINANCE & SAVING CO. LTD","NFS",980,450,450,406,439,"2021-05-20"
"NEPAL FINANCE & SAVING CO. LTD","NFS",1587,416,436,373,436,"2021-05-19"
"NEPAL FINANCE & SAVING CO. LTD","NFS",228,379,397,379,397,"2021-05-18"
"NEPAL FINANCE & SAVING CO. LTD","NFS",622,345,361,328,361,"2021-05-17"
"NEPAL FINANCE & SAVING CO. LTD","NFS",296,330,345,318,329,"2021-05-16"
"NEPAL FINANCE & SAVING CO. LTD","NFS",480,311,334,311,325,"2021-05-13"
"NEPAL FINANCE & SAVING CO. LTD","NFS",145,308,317,304,310,"2021-05-12"
"NEPAL FINANCE & SAVING CO. LTD","NFS",33,306,308,304,306,"2021-05-11"
"NEPAL FINANCE & SAVING CO. LTD","NFS",147,303,307,297,306,"2021-05-10"
"NEPAL FINANCE & SAVING CO. LTD","NFS",95,320,320,298,298,"2021-05-09"
"NEPAL FINANCE & SAVING CO. LTD","NFS",88,320,320,302,305,"2021-05-06"
"NEPAL FINANCE & SAVING CO. LTD","NFS",59,316,316,304,305,"2021-05-05"
"NEPAL FINANCE & SAVING CO. LTD","NFS",35,301,310,301,306,"2021-05-04"
"NEPAL FINANCE & SAVING CO. LTD","NFS",113,316,316,304,304,"2021-05-03"
"NEPAL FINANCE & SAVING CO. LTD","NFS",46,300,306,300,301,"2021-05-02"
"NEPAL FINANCE & SAVING CO. LTD","NFS",26,300,300,298,300,"2021-04-29"
"NEPAL FINANCE & SAVING CO. LTD","NFS",34,300,305,299,300,"2021-04-28"
"NEPAL FINANCE & SAVING CO. LTD","NFS",53,290,305,290,305,"2021-04-27"
"NEPAL FINANCE & SAVING CO. LTD","NFS",103,295,295,288,294,"2021-04-26"
"NEPAL FINANCE & SAVING CO. LTD","NFS",119,302,306,295,299,"2021-04-25"
"NEPAL FINANCE & SAVING CO. LTD","NFS",66,302,308,302,304,"2021-04-22"
"NEPAL FINANCE & SAVING CO. LTD","NFS",59,311,311,304,304,"2021-04-21"
"NEPAL FINANCE & SAVING CO. LTD","NFS",52,308,314,303,306,"2021-04-20"
"NEPAL FINANCE & SAVING CO. LTD","NFS",83,308,312,305,305,"2021-04-19"
"NEPAL FINANCE & SAVING CO. LTD","NFS",69,315,316,306,309,"2021-04-18"
"NEPAL FINANCE & SAVING CO. LTD","NFS",113,308,318,306,314,"2021-04-15"
"NEPAL FINANCE & SAVING CO. LTD","NFS",56,316,321,310,312,"2021-04-13"
"NEPAL FINANCE & SAVING CO. LTD","NFS",107,319,325,315,315,"2021-04-12"
"NEPAL FINANCE & SAVING CO. LTD","NFS",144,315,321,312,313,"2021-04-08"
"NEPAL FINANCE & SAVING CO. LTD","NFS",71,306,315,306,309,"2021-04-07"
"NEPAL FINANCE & SAVING CO. LTD","NFS",70,317,317,306,311,"2021-04-06"
"NEPAL FINANCE & SAVING CO. LTD","NFS",104,304,322,304,311,"2021-04-05"
"NEPAL FINANCE & SAVING CO. LTD","NFS",69,323,323,311,317,"2021-04-04"
"NEPAL FINANCE & SAVING CO. LTD","NFS",220,310,325,308,317,"2021-04-01"
"NEPAL FINANCE & SAVING CO. LTD","NFS",88,310,312,304,307,"2021-03-31"
"NEPAL FINANCE & SAVING CO. LTD","NFS",69,302,308,302,306,"2021-03-30"
"NEPAL FINANCE & SAVING CO. LTD","NFS",57,305,308,303,305,"2021-03-29"
"NEPAL FINANCE & SAVING CO. LTD","NFS",73,310,310,304,307,"2021-03-25"
"NEPAL FINANCE & SAVING CO. LTD","NFS",76,313,313,304,308,"2021-03-24"
"NEPAL FINANCE & SAVING CO. LTD","NFS",46,304,307,304,307,"2021-03-23"
"NEPAL FINANCE & SAVING CO. LTD","NFS",78,313,313,303,304,"2021-03-22"
"NEPAL FINANCE & SAVING CO. LTD","NFS",53,317,317,307,309,"2021-03-21"
"NEPAL FINANCE & SAVING CO. LTD","NFS",61,308,314,305,312,"2021-03-18"
"NEPAL FINANCE & SAVING CO. LTD","NFS",98,319,319,302,308,"2021-03-17"
"NEPAL FINANCE & SAVING CO. LTD","NFS",49,309,313,299,304,"2021-03-16"
"NEPAL FINANCE & SAVING CO. LTD","NFS",75,312,312,296,301,"2021-03-15"
"NEPAL FINANCE & SAVING CO. LTD","NFS",75,316,321,300,306,"2021-03-14"
"NEPAL FINANCE & SAVING CO. LTD","NFS",82,331,331,307,310,"2021-03-10"
"NEPAL FINANCE & SAVING CO. LTD","NFS",69,322,322,314,316,"2021-03-09"
"NEPAL FINANCE & SAVING CO. LTD","NFS",101,320,340,313,324,"2021-03-07"
"NEPAL FINANCE & SAVING CO. LTD","NFS",59,321,327,312,320,"2021-03-04"
"NEPAL FINANCE & SAVING CO. LTD","NFS",80,313,319,300,315,"2021-03-03"
"NEPAL FINANCE & SAVING CO. LTD","NFS",103,324,328,305,313,"2021-03-02"
"NEPAL FINANCE & SAVING CO. LTD","NFS",161,315,338,311,324,"2021-03-01"
"NEPAL FINANCE & SAVING CO. LTD","NFS",315,341,342,313,318,"2021-02-28"
"NEPAL FINANCE & SAVING CO. LTD","NFS",661,370,388,338,341,"2021-02-25"
"NEPAL FINANCE & SAVING CO. LTD","NFS",221,337,353,337,353,"2021-02-24"
"NEPAL FINANCE & SAVING CO. LTD","NFS",780,305,321,301,321,"2021-02-23"
"NEPAL FINANCE & SAVING CO. LTD","NFS",94,297,297,290,292,"2021-02-22"
"NEPAL FINANCE & SAVING CO. LTD","NFS",104,300,300,292,292,"2021-02-21"
"NEPAL FINANCE & SAVING CO. LTD","NFS",99,306,306,289,295,"2021-02-18"
"NEPAL FINANCE & SAVING CO. LTD","NFS",85,300,300,289,292,"2021-02-17"
"NEPAL FINANCE & SAVING CO. LTD","NFS",75,303,303,293,295,"2021-02-16"
"NEPAL FINANCE & SAVING CO. LTD","NFS",91,301,301,296,298,"2021-02-15"
"NEPAL FINANCE & SAVING CO. LTD","NFS",122,298,298,288,296,"2021-02-14"
"NEPAL FINANCE & SAVING CO. LTD","NFS",138,298,322,298,303,"2021-02-11"
"NEPAL FINANCE & SAVING CO. LTD","NFS",133,317,317,305,312,"2021-02-10"
"NEPAL FINANCE & SAVING CO. LTD","NFS",122,319,325,308,316,"2021-02-09"
"NEPAL FINANCE & SAVING CO. LTD","NFS",301,298,322,290,319,"2021-02-08"
"NEPAL FINANCE & SAVING CO. LTD","NFS",522,334,334,288,299,"2021-02-07"
"NEPAL FINANCE & SAVING CO. LTD","NFS",49,328,331,319,319,"2021-02-04"
"NEPAL FINANCE & SAVING CO. LTD","NFS",58,315,341,315,328,"2021-02-03"
"NEPAL FINANCE & SAVING CO. LTD","NFS",32,316,322,316,316,"2021-02-02"
"NEPAL FINANCE & SAVING CO. LTD","NFS",37,310,321,305,316,"2021-02-01"
"NEPAL FINANCE & SAVING CO. LTD","NFS",71,322,322,305,305,"2021-01-31"
"NEPAL FINANCE & SAVING CO. LTD","NFS",121,344,344,302,316,"2021-01-28"
"NEPAL FINANCE & SAVING CO. LTD","NFS",62,350,350,326,328,"2021-01-27"
"NEPAL FINANCE & SAVING CO. LTD","NFS",113,349,351,331,344,"2021-01-26"
"NEPAL FINANCE & SAVING CO. LTD","NFS",140,381,395,348,356,"2021-01-25"
"NEPAL FINANCE & SAVING CO. LTD","NFS",310,365,393,323,374,"2021-01-24"
"NEPAL FINANCE & SAVING CO. LTD","NFS",54,342,358,342,358,"2021-01-21"
"NEPAL FINANCE & SAVING CO. LTD","NFS",74,311,326,311,326,"2021-01-20"
"NEPAL FINANCE & SAVING CO. LTD","NFS",219,282,297,275,297,"2021-01-19"
"NEPAL FINANCE & SAVING CO. LTD","NFS",57,248,270,245,270,"2021-01-18"
"NEPAL FINANCE & SAVING CO. LTD","NFS",37,248,248,244,246,"2021-01-17"
"NEPAL FINANCE & SAVING CO. LTD","NFS",26,245,253,245,246,"2021-01-13"
"NEPAL FINANCE & SAVING CO. LTD","NFS",40,248,248,245,245,"2021-01-12"
"NEPAL FINANCE & SAVING CO. LTD","NFS",40,250,250,247,248,"2021-01-11"
"NEPAL FINANCE & SAVING CO. LTD","NFS",103,240,253,239,250,"2021-01-10"
"NEPAL FINANCE & SAVING CO. LTD","NFS",41,234,238,228,230,"2021-01-07"
"NEPAL FINANCE & SAVING CO. LTD","NFS",60,219,232,219,230,"2021-01-06"
"NEPAL FINANCE & SAVING CO. LTD","NFS",27,210,219,210,216,"2021-01-05"
"NEPAL FINANCE & SAVING CO. LTD","NFS",19,220,224,208,208,"2021-01-04"
"NEPAL FINANCE & SAVING CO. LTD","NFS",22,202,216,202,216,"2021-01-03"
"NEPAL FINANCE & SAVING CO. LTD","NFS",19,204,206,202,206,"2020-12-31"
"NEPAL FINANCE & SAVING CO. LTD","NFS",24,208,210,203,207,"2020-12-30"
"NEPAL FINANCE & SAVING CO. LTD","NFS",27,207,213,203,208,"2020-12-29"
"NEPAL FINANCE & SAVING CO. LTD","NFS",39,213,213,199,206,"2020-12-28"
"NEPAL FINANCE & SAVING CO. LTD","NFS",16,211,215,209,209,"2020-12-27"
"NEPAL FINANCE & SAVING CO. LTD","NFS",22,217,217,212,213,"2020-12-24"
"NEPAL FINANCE & SAVING CO. LTD","NFS",21,218,219,211,219,"2020-12-23"
"NEPAL FINANCE & SAVING CO. LTD","NFS",24,214,214,209,214,"2020-12-22"
"NEPAL FINANCE & SAVING CO. LTD","NFS",32,214,220,203,214,"2020-12-21"
"NEPAL FINANCE & SAVING CO. LTD","NFS",19,236,236,218,218,"2020-12-20"
"NEPAL FINANCE & SAVING CO. LTD","NFS",24,228,233,228,233,"2020-12-17"
"NEPAL FINANCE & SAVING CO. LTD","NFS",22,227,231,217,225,"2020-12-16"
"NEPAL FINANCE & SAVING CO. LTD","NFS",9,234,234,227,229,"2020-12-15"
"NEPAL FINANCE & SAVING CO. LTD","NFS",34,230,238,222,230,"2020-12-14"
"NEPAL FINANCE & SAVING CO. LTD","NFS",12,234,237,226,230,"2020-12-13"
"NEPAL FINANCE & SAVING CO. LTD","NFS",42,234,242,226,230,"2020-12-10"
"NEPAL FINANCE & SAVING CO. LTD","NFS",39,234,238,226,230,"2020-12-09"
"NEPAL FINANCE & SAVING CO. LTD","NFS",17,242,242,238,238,"2020-12-08"
"NEPAL FINANCE & SAVING CO. LTD","NFS",32,229,240,225,239,"2020-12-07"
"NEPAL FINANCE & SAVING CO. LTD","NFS",38,235,240,228,228,"2020-12-06"
"NEPAL FINANCE & SAVING CO. LTD","NFS",33,243,243,238,239,"2020-12-03"
"NEPAL FINANCE & SAVING CO. LTD","NFS",35,248,248,243,243,"2020-12-02"
"NEPAL FINANCE & SAVING CO. LTD","NFS",66,247,248,240,247,"2020-12-01"
"NEPAL FINANCE & SAVING CO. LTD","NFS",31,254,254,247,249,"2020-11-30"
"NEPAL FINANCE & SAVING CO. LTD","NFS",64,260,260,250,254,"2020-11-29"
"NEPAL FINANCE & SAVING CO. LTD","NFS",27,263,263,260,260,"2020-11-26"
"NEPAL FINANCE & SAVING CO. LTD","NFS",48,263,268,260,262,"2020-11-25"
"NEPAL FINANCE & SAVING CO. LTD","NFS",38,273,273,265,265,"2020-11-24"
"NEPAL FINANCE & SAVING CO. LTD","NFS",29,274,274,269,269,"2020-11-23"
"NEPAL FINANCE & SAVING CO. LTD","NFS",82,268,280,254,269,"2020-11-22"
"NEPAL FINANCE & SAVING CO. LTD","NFS",42,268,270,265,268,"2020-11-19"
"NEPAL FINANCE & SAVING CO. LTD","NFS",19,271,272,267,271,"2020-11-18"
"NEPAL FINANCE & SAVING CO. LTD","NFS",36,273,273,269,271,"2020-11-12"
"NEPAL FINANCE & SAVING CO. LTD","NFS",26,280,280,270,274,"2020-11-11"
"NEPAL FINANCE & SAVING CO. LTD","NFS",16,275,275,272,275,"2020-11-10"
"NEPAL FINANCE & SAVING CO. LTD","NFS",38,275,280,274,274,"2020-11-09"
"NEPAL FINANCE & SAVING CO. LTD","NFS",107,275,275,265,270,"2020-11-08"
"NEPAL FINANCE & SAVING CO. LTD","NFS",44,280,281,276,280,"2020-11-05"
"NEPAL FINANCE & SAVING CO. LTD","NFS",53,297,297,280,285,"2020-11-04"
"NEPAL FINANCE & SAVING CO. LTD","NFS",91,300,305,290,292,"2020-11-03"
"NEPAL FINANCE & SAVING CO. LTD","NFS",401,288,302,265,295,"2020-11-02"
"NEPAL FINANCE & SAVING CO. LTD","NFS",38,262,275,262,275,"2020-11-01"
"NEPAL FINANCE & SAVING CO. LTD","NFS",20,239,250,239,250,"2020-10-29"
"NEPAL FINANCE & SAVING CO. LTD","NFS",13,218,228,218,228,"2020-10-28"
"NEPAL FINANCE & SAVING CO. LTD","NFS",44,193,208,193,208,"2020-10-22"
"NEPAL FINANCE & SAVING CO. LTD","NFS",164,322,322,300,301,"2020-10-21"
"NEPAL FINANCE & SAVING CO. LTD","NFS",108,339,339,313,317,"2020-10-20"
"NEPAL FINANCE & SAVING CO. LTD","NFS",145,319,323,308,323,"2020-10-19"
"NEPAL FINANCE & SAVING CO. LTD","NFS",341,350,366,308,313,"2020-10-18"
"NEPAL FINANCE & SAVING CO. LTD","NFS",163,319,334,319,334,"2020-10-15"
"NEPAL FINANCE & SAVING CO. LTD","NFS",118,290,304,290,304,"2020-10-14"
"NEPAL FINANCE & SAVING CO. LTD","NFS",44,280,284,272,277,"2020-10-13"
"NEPAL FINANCE & SAVING CO. LTD","NFS",45,268,290,268,277,"2020-10-12"
"NEPAL FINANCE & SAVING CO. LTD","NFS",114,300,300,270,282,"2020-10-11"
"NEPAL FINANCE & SAVING CO. LTD","NFS",92,327,327,292,300,"2020-10-08"
"NEPAL FINANCE & SAVING CO. LTD","NFS",271,300,314,300,312,"2020-10-07"
"NEPAL FINANCE & SAVING CO. LTD","NFS",86,273,286,273,286,"2020-10-06"
"NEPAL FINANCE & SAVING CO. LTD","NFS",139,240,261,238,260,"2020-10-05"
"NEPAL FINANCE & SAVING CO. LTD","NFS",92,236,248,221,238,"2020-10-04"
"NEPAL FINANCE & SAVING CO. LTD","NFS",62,240,251,240,240,"2020-10-01"
"NEPAL FINANCE & SAVING CO. LTD","NFS",236,275,288,236,244,"2020-09-30"
"NEPAL FINANCE & SAVING CO. LTD","NFS",157,250,262,250,262,"2020-09-29"
"NEPAL FINANCE & SAVING CO. LTD","NFS",26,228,239,228,239,"2020-09-28"
"NEPAL FINANCE & SAVING CO. LTD","NFS",44,208,218,208,218,"2020-09-27"
"NEPAL FINANCE & SAVING CO. LTD","NFS",34,208,208,196,199,"2020-09-24"
"NEPAL FINANCE & SAVING CO. LTD","NFS",25,197,201,197,199,"2020-09-23"
"NEPAL FINANCE & SAVING CO. LTD","NFS",28,200,202,196,197,"2020-09-22"
"NEPAL FINANCE & SAVING CO. LTD","NFS",43,206,206,197,199,"2020-09-21"
"NEPAL FINANCE & SAVING CO. LTD","NFS",55,210,210,197,197,"2020-09-20"
"NEPAL FINANCE & SAVING CO. LTD","NFS",46,192,201,192,200,"2020-09-17"
"NEPAL FINANCE & SAVING CO. LTD","NFS",35,204,204,189,190,"2020-09-16"
"NEPAL FINANCE & SAVING CO. LTD","NFS",100,191,206,190,195,"2020-09-15"
"NEPAL FINANCE & SAVING CO. LTD","NFS",60,195,196,188,188,"2020-09-14"
"NEPAL FINANCE & SAVING CO. LTD","NFS",29,185,188,182,186,"2020-09-13"
"NEPAL FINANCE & SAVING CO. LTD","NFS",49,175,186,175,185,"2020-09-10"
"NEPAL FINANCE & SAVING CO. LTD","NFS",21,170,177,170,172,"2020-09-09"
"NEPAL FINANCE & SAVING CO. LTD","NFS",9,170,173,170,173,"2020-09-08"
"NEPAL FINANCE & SAVING CO. LTD","NFS",24,177,177,170,173,"2020-09-07"
"NEPAL FINANCE & SAVING CO. LTD","NFS",33,181,182,176,179,"2020-09-06"
"NEPAL FINANCE & SAVING CO. LTD","NFS",39,175,181,170,181,"2020-09-03"
"NEPAL FINANCE & SAVING CO. LTD","NFS",34,186,186,171,177,"2020-09-02"
"NEPAL FINANCE & SAVING CO. LTD","NFS",22,182,188,178,183,"2020-08-31"
"NEPAL FINANCE & SAVING CO. LTD","NFS",4,179,181,179,179,"2020-08-30"
"NEPAL FINANCE & SAVING CO. LTD","NFS",48,190,192,182,182,"2020-08-27"
"NEPAL FINANCE & SAVING CO. LTD","NFS",62,177,188,177,187,"2020-08-26"
"NEPAL FINANCE & SAVING CO. LTD","NFS",71,177,191,174,174,"2020-08-25"
"NEPAL FINANCE & SAVING CO. LTD","NFS",51,168,174,168,174,"2020-08-24"
"NEPAL FINANCE & SAVING CO. LTD","NFS",22,164,166,163,166,"2020-08-23"
"NEPAL FINANCE & SAVING CO. LTD","NFS",10,163,163,159,162,"2020-08-20"
"NEPAL FINANCE & SAVING CO. LTD","NFS",9,163,163,159,160,"2020-08-19"
"NEPAL FINANCE & SAVING CO. LTD","NFS",14,160,162,158,162,"2020-08-18"
"NEPAL FINANCE & SAVING CO. LTD","NFS",36,166,169,157,160,"2020-08-17"
"NEPAL FINANCE & SAVING CO. LTD","NFS",23,163,166,154,163,"2020-08-16"
"NEPAL FINANCE & SAVING CO. LTD","NFS",90,176,176,159,166,"2020-08-13"
"NEPAL FINANCE & SAVING CO. LTD","NFS",55,175,184,166,176,"2020-08-12"
"NEPAL FINANCE & SAVING CO. LTD","NFS",11,200,200,184,184,"2020-08-11"
"NEPAL FINANCE & SAVING CO. LTD","NFS",71,196,214,177,204,"2020-08-10"
"NEPAL FINANCE & SAVING CO. LTD","NFS",160,204,214,195,196,"2020-08-09"
"NEPAL FINANCE & SAVING CO. LTD","NFS",204,181,195,181,195,"2020-08-06"
"NEPAL FINANCE & SAVING CO. LTD","NFS",173,170,178,170,178,"2020-08-05"
"NEPAL FINANCE & SAVING CO. LTD","NFS",23,150,162,150,162,"2020-08-03"
"NEPAL FINANCE & SAVING CO. LTD","NFS",48,137,148,137,148,"2020-08-02"
"NEPAL FINANCE & SAVING CO. LTD","NFS",1,135,135,135,135,"2020-07-30"
"NEPAL FINANCE & SAVING CO. LTD","NFS",1,133,133,133,133,"2020-07-29"
"NEPAL FINANCE & SAVING CO. LTD","NFS",10,131,133,130,133,"2020-07-28"
"NEPAL FINANCE & SAVING CO. LTD","NFS",7,132,134,132,132,"2020-07-27"
"NEPAL FINANCE & SAVING CO. LTD","NFS",6,130,130,128,130,"2020-07-26"
"NEPAL FINANCE & SAVING CO. LTD","NFS",14,134,136,130,130,"2020-07-23"
"NEPAL FINANCE & SAVING CO. LTD","NFS",4,132,132,130,132,"2020-07-22"
"NEPAL FINANCE & SAVING CO. LTD","NFS",12,140,140,134,134,"2020-07-21"
"NEPAL FINANCE & SAVING CO. LTD","NFS",22,134,138,134,138,"2020-07-20"
"NEPAL FINANCE & SAVING CO. LTD","NFS",5,129,132,129,132,"2020-07-16"
"NEPAL FINANCE & SAVING CO. LTD","NFS",2,130,130,130,130,"2020-07-15"
"NEPAL FINANCE & SAVING CO. LTD","NFS",6,136,136,130,130,"2020-07-14"
"NEPAL FINANCE & SAVING CO. LTD","NFS",4,135,135,134,134,"2020-07-13"
"NEPAL FINANCE & SAVING CO. LTD","NFS",4,139,139,137,137,"2020-07-12"
"NEPAL FINANCE & SAVING CO. LTD","NFS",1,141,141,141,141,"2020-07-09"
"NEPAL FINANCE & SAVING CO. LTD","NFS",3,135,139,135,139,"2020-07-08"
"NEPAL FINANCE & SAVING CO. LTD","NFS",6,129,135,129,135,"2020-07-07"
"NEPAL FINANCE & SAVING CO. LTD","NFS",5,121,127,121,127,"2020-07-06"